Be'er Ya'aqov	Central District	1381478	8	27768	31.93864	34.83749
Bea	Provincia de Teruel, Aragon	339853	8	39	41.03633	-1.14725
Beach	Golden Valley County, North Dakota	181448	8	1115	46.91807	-104.00437
Beach City	Chambers County, Texas	6586764	8	2566	29.66217	-94.88992
Beach City	Stark County, Ohio	182496	8	1011	40.65312	-81.58096
Beach Haven	Ocean County, New Jersey	170323	8	1172	39.55928	-74.2432
Beach Park	Lake County, Illinois	124709	8	13976	42.42224	-87.8573
Beachlands	Greater Geraldton, Western Australia	11689885	9	1402	-28.7857	114.60192
Beachmere	Moreton Bay, Queensland	11677694	9	4050	-27.12808	153.05243
Beachwood	Cuyahoga County, Ohio	182090	8	11762	41.4645	-81.50873
Beachwood	Ocean County, New Jersey	170313	8	11214	39.93901	-74.19292
Beacon Hill	Northern Beaches, New South Wales	2950452	9	7308	-33.7528	151.25857
Beaconsfield	Buckinghamshire, England	3687140	10	13797	51.61219	-0.64732
Beaconsfield	Cardinia, Victoria	2430759	9	7267	-38.05	145.36667
Beaconsfield	Fremantle, Western Australia	11689177	9	4851	-32.06748	115.76401
Beaconsfield	Mackay, Queensland	11676639	9	5260	-21.09121	149.16544
Beaconsfield	Montreal, Quebec	197578	8	19194	45.43341	-73.86586
Beaconsfield	West Tamar, Tasmania	10585664	9	1258	-41.20227	146.81723
Beaconsfield Upper	Cardinia, Victoria	2428886	9	2757	-37.99415	145.4142
Beade	Provincia de Ourense, Galicia	12632197	9	576	42.33074	-8.1295
Beade	Provincia de Ourense, Galicia	339719	8	576	42.33074	-8.1295
Beadnell	Northumberland, England	8423101	10	408	55.5567	-1.6325
Beaminster	Dorset, England	5714351	10	2957	50.809	-2.7391
Beamud	Provincia de Cuenca, Castille-La Mancha	343579	8	94	40.18645	-1.8288
Bean Station	Grainger County, Tennessee	197139	8	3104	36.3437	-83.28406
Bear	New Castle County, Delaware	377654	8	19371	39.62928	-75.65826
Bear Creek	Marion County, Alabama	110695	8	1047	34.27482	-87.70058
Bear Valley Springs	Kern County, California	10647963	8	5172	35.15913	-118.62842
Beardstown	Cass County, Illinois	126091	8	5738	40.01755	-90.42429
Bearna	County Galway, Connacht	3839245	10	1998	53.25194	-9.14972
Bearna	County Galway, Connacht	3951434	9	1998	53.25194	-9.14972
Bearna	County Galway, Connacht	7000843	9	1998	53.25194	-9.14972
Beas	Provincia de Huelva, Andalusia	343811	8	4207	37.4257	-6.79318
Beas de Granada	Provincia de Granada, Andalusia	343137	8	1074	37.21803	-3.48095
Beas de Guadix	Provincia de Granada, Andalusia	343138	8	377	37.27861	-3.20579
Beas de Segura	Provincia de Jaen, Andalusia	344305	8	5251	38.2524	-2.88875
Beasain	Provincia de Guipuzcoa, Basque Country	343233	8	13557	43.05017	-2.20087
Beatenberg	Interlaken-Oberhasli District, Bern	1682372	8	1188	46.69896	7.79428
Beato Antonio	Lisbon	6427488	8	12737	38.73327	-9.10335
Beatrice	Gage County, Nebraska	169472	8	12388	40.26806	-96.74697
Beatty	Nye County, Nevada	170095	8	1010	36.90856	-116.75923
Beattyville	Lee County, Kentucky	130593	8	1244	37.57175	-83.70686
Beau Bassin-Rose Hill	Plaines Wilhems	13476402	6	111355	-20.23325	57.46609
Beau Vallon	Grand Port	13476451	10	7016	-20.41889	57.69528
Beau Vallon	Grand Port	13476465	8	7016	-20.41889	57.69528
Beaucaire	Gard, Occitanie	384088	8	14766	43.80806	4.64417
Beaucamps-le-Vieux	Somme, Hauts-de-France	1792373	8	1411	49.84642	1.78272
Beauce	Ille-et-Vilaine, Brittany	163992	8	1178	48.33852	-1.15722
Beauceville	Chaudiere-Appalaches, Quebec	8090032	8	6354	46.21785	-70.77873
Beauchamp	Val d'Oise, Ile-de-France	406624	8	9532	49.01667	2.2
Beauchamps	Somme, Hauts-de-France	1251514	8	1020	50.01202	1.51764
Beauchastel	Ardeche, Auvergne-Rhone-Alpes	1763135	8	1614	44.82587	4.80305
Beaucourt	Territoire de Belfort, Bourgogne-Franche-Comte	116406	8	5565	47.48878	6.92214
Beaucouze	Maine-et-Loire, Pays de la Loire	178350	8	4534	47.47514	-0.63219
Beaucroissant	Isere, Auvergne-Rhone-Alpes	184523	8	1348	45.34276	5.47102
Beaudesert	Scenic Rim, Queensland	11675518	9	6364	-27.98691	152.99657
Beaufay	Sarthe, Pays de la Loire	107443	8	1305	48.14715	0.36192
Beaufort	Beaufort County, South Carolina	194054	8	13306	32.43158	-80.66983
Beaufort	Beaufort, Echternach	569734	8	1418	49.83583	6.29167
Beaufort	Carteret County, North Carolina	179938	8	4212	34.71822	-76.66382
Beaufort	Pyrenees, Victoria	3146733	9	1539	-37.42996	143.38347
Beaufort	Savoy, Auvergne-Rhone-Alpes	128054	8	2170	45.71915	6.57331
Beaufort-en-Vallee	Maine-et-Loire, Pays de la Loire	167615	9	5677	47.44006	-0.21655
Beaugency	Loiret, Centre	150879	8	7659	47.78019	1.62705
Beauharnois	Monteregie, Quebec	7765238	8	11918	45.31341	-73.8725
Beaujeu	Rhone, Auvergne-Rhone-Alpes	300888	8	2027	46.15428	4.58826
Beaulieu	Herault, Occitanie	163392	8	1573	43.72861	4.02194
Beaulieu-les-Loches	Indre-et-Loire, Centre	164219	8	1824	47.12526	1.01585
Beaulieu-sous-la-Roche	Vendee, Pays de la Loire	154358	8	1843	46.67706	-1.61073
Beaulieu-sur-Dordogne	Correze, Nouvelle-Aquitaine	120551	9	1326	44.97832	1.83834
Beaulieu-sur-Dordogne	Correze, Nouvelle-Aquitaine	9165119	8	1326	44.97832	1.83834
Beaulieu-sur-Layon	Maine-et-Loire, Pays de la Loire	325195	8	1126	47.31094	-0.59017
Beaulieu-sur-Mer	Alpes-Maritimes, Provence-Alpes-Cote d'Azur	174955	8	3824	43.70692	7.33135
Beaulon	Allier, Auvergne-Rhone-Alpes	2824462	8	1581	46.60156	3.67314
Beaumaris	Anglesey, Wales	10992522	10	1370	53.26315	-4.09233
Beaumaris	Bayside, Victoria	2410770	9	13947	-37.98534	145.03361
Beaumes-de-Venise	Vaucluse, Provence-Alpes-Cote d'Azur	147761	8	2182	44.12227	5.03065
Beaumetz-les-Loges	Pas-de-Calais, Hauts-de-France	1141529	8	1010	50.23897	2.65818
Beaumont	Alberta	6677171	6	7366	53.35013	-113.41871
Beaumont	Burnside, South Australia	9099547	9	2508	-34.94899	138.66188
Beaumont	Dublin City, Leinster	5362739	10	8609	53.38721	-6.22713
Beaumont	Haute-Savoie, Auvergne-Rhone-Alpes	79715	8	1432	46.10403	6.12074
Beaumont	Jefferson County, Texas	8464621	8	115282	30.08605	-94.10185
Beaumont	Province du Hainaut, Wallonia	1877567	8	6645	50.23699	4.23926
Beaumont	Puy-de-Dome, Auvergne-Rhone-Alpes	138271	8	12295	45.75165	3.08294
Beaumont	Riverside County, California	11112121	8	43811	33.92946	-116.97725
Beaumont	Vienne, Nouvelle-Aquitaine	133933	9	1636	46.73696	0.42967
Beaumont Hills	The Hills Shire, New South Wales	5501663	9	8944	-33.69993	150.9411
Beaumont-Hague	Manche, Normandy	1059984	9	1413	49.66387	-1.83822
Beaumont-Monteux	Drome, Auvergne-Rhone-Alpes	63553	8	1016	45.0198	4.91883
Beaumont-de-Lomagne	Tarn-et-Garonne, Occitanie	228335	8	3655	43.88303	0.98768
Beaumont-de-Pertuis	Vaucluse, Provence-Alpes-Cote d'Azur	73859	8	1008	43.73737	5.68959
Beaumont-du-Gatinais	Seine-et-Marne, Ile-de-France	403812	8	1088	48.1386	2.47913
Beaumont-du-Perigord	Dordogne, Nouvelle-Aquitaine	1968535	9	1222	44.76988	0.76728
Beaumont-en-Veron	Indre-et-Loire, Centre	105817	8	2933	47.19397	0.18436
Beaumont-la-Ronce	Indre-et-Loire, Centre	104291	9	1034	47.56948	0.67017
Beaumont-le-Roger	Eure, Normandy	3331103	8	2981	49.07839	0.78081
Beaumont-les-Valence	Drome, Auvergne-Rhone-Alpes	79464	8	3982	44.86203	4.94309
Beaumont-sur-Leze	Upper Garonne, Occitanie	1404095	8	1590	43.38056	1.35733
Beaumont-sur-Oise	Val d'Oise, Ile-de-France	898903	8	9011	49.14232	2.28705
Beaumont-sur-Sarthe	Sarthe, Pays de la Loire	107401	8	2080	48.22747	0.12923
Beaune	Cote d'Or, Bourgogne-Franche-Comte	74091	8	24162	47.02413	4.83887
Beaune-la-Rolande	Loiret, Centre	149086	8	2462	48.07124	2.4314
Beaupre	Capitale-Nationale, Quebec	7717050	8	2803	47.04428	-70.89529
Beaupreau	Maine-et-Loire, Pays de la Loire	296180	9	6932	47.20214	-0.99471
Beaupuy	Lot-et-Garonne, Nouvelle-Aquitaine	75755	8	1095	44.53549	0.149
Beaupuy	Upper Garonne, Occitanie	161355	8	1227	43.64713	1.55517
Beauquesne	Somme, Hauts-de-France	2992521	8	1273	50.08526	2.39276
Beauraing	Province de Namur, Wallonia	2251076	8	8242	50.11042	4.95554
Beaurains	Pas-de-Calais, Hauts-de-France	1140595	8	4801	50.26599	2.79467
Beaurainville	Pas-de-Calais, Hauts-de-France	1122577	8	2062	50.42432	1.89938
Beaurepaire	Isere, Auvergne-Rhone-Alpes	178740	8	4213	45.33658	5.04878
Beaurepaire	Vendee, Pays de la Loire	154367	8	1676	46.91047	-1.08936
Beaurevoir	Aisne, Hauts-de-France	149377	8	1511	49.99714	3.30855
Beausejour	Manitoba	3324613	8	3126	50.0622	-96.51669
Beausemblant	Drome, Auvergne-Rhone-Alpes	71695	8	1246	45.21706	4.83241
Beausoleil	Alpes-Maritimes, Provence-Alpes-Cote d'Azur	174562	8	13376	43.74311	7.4225
Beautiran	Gironde, Nouvelle-Aquitaine	104336	8	2202	44.70366	-0.45234
Beautor	Aisne, Hauts-de-France	150337	8	3005	49.65214	3.34475
Beauty Point	West Tamar, Tasmania	10585675	9	1183	-41.16216	146.82146
Beauvais	Oise, Hauts-de-France	158311	8	53393	49.43333	2.08333
Beauvais	Oise, Hauts-de-France	1665578	7	53393	49.43333	2.08333
Beauval	Somme, Hauts-de-France	1348792	8	2277	50.10789	2.33269
Beauvallon	Drome, Auvergne-Rhone-Alpes	49274	8	1818	44.85593	4.90756
Beauvechain	Province du Brabant Wallon, Wallonia	11629237	9	6334	50.78195	4.7718
Beauvechain	Province du Brabant Wallon, Wallonia	1384087	8	6334	50.78195	4.7718
Beauvoir-de-Marc	Isere, Auvergne-Rhone-Alpes	173351	8	1028	45.52009	5.07906
Beauvoir-sur-Mer	Vendee, Pays de la Loire	154370	8	3625	46.91506	-2.04085
Beauvoir-sur-Niort	Deux-Sevres, Nouvelle-Aquitaine	146563	8	1377	46.18198	-0.47396
Beauvois-en-Cambresis	North, Hauts-de-France	55662	8	2047	50.13735	3.3787
Beauvoisin	Gard, Occitanie	382571	8	3426	43.71869	4.32298
Beauzac	Haute-Loire, Auvergne-Rhone-Alpes	138383	8	2162	45.25913	4.09874
Beauzelle	Upper Garonne, Occitanie	158875	8	6043	43.66713	1.37518
Beaver	Beaver County, Oklahoma	184276	8	1454	36.81614	-100.51987
Beaver	Beaver County, Pennsylvania	187291	8	4420	40.69534	-80.30478
Beaver	Beaver County, Utah	198976	8	3007	38.27691	-112.64105
Beaver	Raleigh County, West Virginia	239845	8	1308	37.74781	-81.14352
Beaver City	Furnas County, Nebraska	169367	8	591	40.13751	-99.82956
Beaver Dam	Dodge County, Wisconsin	251706	8	16564	43.45777	-88.83733
Beaver Dam	Ohio County, Kentucky	130713	8	3618	37.40199	-86.87583
Beaver Dam Lake	Orange County, New York	175470	8	2242	41.44743	-74.11463
Beaver Falls	Beaver County, Pennsylvania	187298	8	8661	40.75201	-80.31923
Beavercreek	Greene County, Ohio	182893	8	46277	39.70923	-84.06327
Beaverton	Gladwin County, Michigan	134938	8	1049	43.88225	-84.48473
Beaverton	Washington County, Oregon	423111	8	96577	45.48706	-122.80371
Beba Veche	Comuna Beba Veche, Timis	10718404	8	1586	46.13333	20.31667
Bebedouro	Bebedouro, Sao Paulo	298041	8	71862	-20.94944	-48.47917
Bebedouro	Bebedouro, Sao Paulo	5349580	9	71862	-20.94944	-48.47917
Bebeji	Bebeji, Kano	3710306	6	10987	11.66768	8.262
Bebeji	Bebeji, Kano	3710375	8	10987	11.66768	8.262
Beblo	Powiat krakowski, Lesser Poland	3256815	8	1092	50.18053	19.78741
Bebra	Regierungsbezirk Kassel, Hesse	14324458	10	14839	50.97445	9.79562
Bebra	Regierungsbezirk Kassel, Hesse	237802	8	14839	50.97445	9.79562
Becancour	Centre-du-Quebec, Quebec	8042836	8	11134	46.34106	-72.43224
Beccles	Suffolk, England	4782269	10	13868	52.45936	1.56465
Becedas	Provincia de Avila, Castille and Leon	342385	8	338	40.40369	-5.63577
Becedillas	Provincia de Avila, Castille and Leon	344446	8	156	40.53821	-5.32561
Becej	South Backa, Vojvodina	9336630	9	25774	45.61632	20.03331
Becerrea	Provincia de Lugo, Galicia	12560906	9	3403	42.8561	-7.1636
Becerrea	Provincia de Lugo, Galicia	340144	8	3403	42.8561	-7.1636
Becerril de Campos	Provincia de Palencia, Castille and Leon	341293	8	1021	42.10841	-4.64152
Becerril de la Sierra	Provincia de Madrid, Madrid	341626	8	4610	40.71699	-3.98858
Bech	Bech, Echternach	569736	8	380	49.7526	6.36379
Bechet	Comuna Bechet, Dolj	9664753	8	3824	43.78188	23.95706
Bechhofen	Rheinland-Pfalz	1250670	8	2306	49.35	7.4
Bechlin	Okres Litomerice, Ustecky kraj	426198	10	1150	50.41615	14.34092
Bechlin	Okres Litomerice, Ustecky kraj	439671	8	1150	50.41615	14.34092
Bechtheim	Rheinland-Pfalz	1248786	8	1876	49.72778	8.29222
Bechtolsheim	Rheinland-Pfalz	1248582	8	1489	49.80417	8.19389
Bechtsrieth	Upper Palatinate, Bavaria	1059442	8	1096	49.64487	12.20997
Bechyne	Okres Tabor, Jihocesky kraj	435583	10	5755	49.29523	14.4681
Bechyne	Okres Tabor, Jihocesky kraj	438670	8	5755	49.29523	14.4681
Becicherecu Mic	Comuna Becicherecu Mic, Timis	11322071	8	4765	45.82917	21.05139
Becilla de Valderaduey	Provincia de Valladolid, Castille and Leon	344545	8	359	42.09905	-5.21805
Beciu	Comuna Beciu, Teleorman	13677960	8	1430	44.00429	24.66571
Beckdorf	Lower Saxony	446429	8	2532	53.41667	9.61667
Beckedorf	Lower Saxony	1176595	8	1553	52.35	9.31667
Beckemeyer	Clinton County, Illinois	125840	8	1016	38.6056	-89.43592
Beckenham	Gosnells, Western Australia	11689298	9	7385	-32.02481	115.95989
Beckenried	Nidwalden	1683061	8	3050	46.96653	8.47575
Becker	Sherburne County, Minnesota	137501	8	4700	45.3933	-93.87692
Beckerich	Beckerich, Redange	1355924	8	672	49.73114	5.88241
Becket	Berkshire County, Massachusetts	2405925	8	1786	42.33203	-73.08288
Beckingen	Saarland	1187156	8	15983	49.4	6.7
Beckingen	Saarland	5374344	9	15983	49.4	6.7
Beckingham	Nottinghamshire, England	141504	10	1098	53.4	-0.83333
Beckley	Raleigh County, West Virginia	239988	8	17056	37.77817	-81.18816
Beckum	Regierungsbezirk Muenster, North Rhine-Westphalia	152281	8	37814	51.75571	8.04075
Beclean	Comuna Beclean, Bistrita-Nasaud	10744556	8	10909	47.18333	24.18333
Beclean	Comuna Beclean, Brasov	10367443	8	1511	45.83119	24.9218
Becon-les-Granits	Maine-et-Loire, Pays de la Loire	178352	8	2525	47.50255	-0.80162
Becov	Okres Most, Ustecky kraj	425010	10	2072	50.44972	13.71784
Becov	Okres Most, Ustecky kraj	440206	8	2072	50.44972	13.71784
Becsehely	Zala	1320772	8	2255	46.44755	16.7771
Beczarka	Powiat myslenicki, Lesser Poland	3547170	8	1013	49.87793	19.86723
Bedale	North Yorkshire, England	7902064	10	4601	54.28811	-1.59181
Bedar	Almeria, Andalusia	345262	8	786	37.19389	-1.98166
Bedarieux	Herault, Occitanie	163394	8	6907	43.61602	3.15892
Bedarrides	Vaucluse, Provence-Alpes-Cote d'Azur	147870	8	5014	44.04022	4.89819
Bedburg	Regierungsbezirk Koeln, North Rhine-Westphalia	168465	8	24937	50.99258	6.57128
Bedee	Ille-et-Vilaine, Brittany	107914	8	3478	48.17999	-1.94469
Bedero Valcuvia	Provincia di Varese, Lombardy	46461	8	664	45.91088	8.79553
Bedford	Bayswater, Western Australia	11689216	9	5333	-31.91132	115.8892
Bedford	Bedford County, Pennsylvania	188612	8	2742	40.01869	-78.50391
Bedford	Bedford County, Virginia	206965	8	6561	37.33431	-79.52309
Bedford	Bedford, England	158396	6	106940	52.13459	-0.46632
Bedford	Cuyahoga County, Ohio	182107	8	12747	41.39311	-81.53651
Bedford	Hillsborough County, New Hampshire	305525	8	21188	42.94647	-71.5159
Bedford	Lawrence County, Indiana	127887	8	13347	38.86116	-86.48721
Bedford	Middlesex County, Massachusetts	1838335	8	12502	42.49065	-71.27617
Bedford	Tarrant County, Texas	6571609	8	49337	32.84402	-97.14307
Bedford	Taylor County, Iowa	128642	8	1415	40.66693	-94.72136
Bedford	Trimble County, Kentucky	130882	8	608	38.59256	-85.31773
Bedford Heights	Cuyahoga County, Ohio	182106	8	10625	41.417	-81.52734
Bedford Hills	Westchester County, New York	14152088	8	3001	41.23676	-73.69458
Bedford Park	Onkaparinga, South Australia	7390240	9	2689	-35.02204	138.56815
Bedfordale	Armadale, Western Australia	11689423	9	2776	-32.17406	116.0504
Bedigliora	Lugano District, Ticino	1684623	8	0	46.00252	8.84052
Bedihost	Okres Prostejov, Olomoucky	430676	10	1002	49.44826	17.16643
Bedihost	Okres Prostejov, Olomoucky	438620	8	1002	49.44826	17.16643
Bedizzole	Provincia di Brescia, Lombardy	45134	8	9320	45.51038	10.42327
Bedkow	Powiat tomaszowski, Lodz Voivodeship	12152105	8	550	51.58763	19.74956
Bedlinog	Merthyr Tydfil County Borough, Wales	11019535	10	1112	51.70432	-3.31306
Bedminster	Somerset County, New Jersey	963375	8	8165	40.68066	-74.64544
Bedoin	Vaucluse, Provence-Alpes-Cote d'Azur	148129	8	3016	44.12432	5.1804
Bedonia	Provincia di Parma, Emilia-Romagna	43225	8	2136	44.504	9.63489
Bedulita	Provincia di Bergamo, Lombardy	46142	8	710	45.79138	9.55165
Bedum	Het Hogeland, Groningen	2518265	10	7765	53.30083	6.60278
Bedzin	Powiat bedzinski, Silesia	2832465	8	58236	50.32607	19.12565
Bedzin	Powiat bedzinski, Silesia	2832469	7	58236	50.32607	19.12565
Bee	Provincia Verbano-Cusio-Ossola, Piedmont	46615	8	585	45.96328	8.57542
Bee Cave	Travis County, Texas	113443	8	6292	30.30854	-97.94501
Beebe	White County, Arkansas	13650843	8	8106	35.07064	-91.87959
Beech Grove	Marion County, Indiana	127433	8	14548	39.72199	-86.08998
Beechboro	Swan, Western Australia	11689284	9	8896	-31.86515	115.93661
Beecher	Genesee County, Michigan	134625	9	10232	43.09003	-83.6944
Beecher	Will County, Illinois	125773	8	4450	41.34059	-87.62143
Beechwood Village	Jefferson County, Kentucky	130359	8	1365	38.25479	-85.63135
Beechworth	Indigo, Victoria	2583191	9	3761	-36.35828	146.68584
Beecroft	Hornsby Shire, New South Wales	2962927	9	9290	-33.74954	151.0648
Beedenbostel	Lower Saxony	1797683	8	1005	52.64288	10.25907
Beeford	East Riding of Yorkshire, England	812629	10	1078	53.96999	-0.28913
Beegden	Gemeente Maasgouw, Limburg	1410594	10	1765	51.18917	5.91944
Beek	Gemeente Beek, Limburg	1514978	10	8415	50.94083	5.79722
Beek gem Montferland	Gemeente Montferland, Gelderland	2721389	10	1315	51.90667	6.1875
Beek gem Montferland	Gemeente Montferland, Gelderland	2731948	10	1315	51.90667	6.1875
Beekbergen	Gemeente Apeldoorn, Gelderland	2713198	10	2545	52.16	5.96389
Beelen	Regierungsbezirk Muenster, North Rhine-Westphalia	152282	8	6344	51.92906	8.11117
Beeliar	City of Cockburn, Western Australia	11689165	9	7293	-32.13339	115.80637
Beelitz	Brandenburg	531653	8	12475	52.23812	12.9714
Beelitz	Brandenburg	5912740	9	12475	52.23812	12.9714
Beenleigh	Logan, Queensland	11677874	9	8171	-27.71137	153.2029
Beerfelden	Regierungsbezirk Darmstadt, Hesse	9487486	9	6942	49.56858	8.97444
Beernem	Provincie West-Vlaanderen, Flanders	1412080	8	14512	51.13981	3.33896
Beernem	Provincie West-Vlaanderen, Flanders	2239535	9	14512	51.13981	3.33896
Beers	Land van Cuijk, North Brabant	1525644	10	1275	51.72583	5.82778
Beerse	Provincie Antwerpen, Flanders	1283042	8	16208	51.31927	4.85304
Beerse	Provincie Antwerpen, Flanders	3873477	9	16208	51.31927	4.85304
Beersel	Provincie Vlaams-Brabant, Flanders	111613	8	23228	50.76589	4.3002
Beersel	Provincie Vlaams-Brabant, Flanders	4103974	9	23228	50.76589	4.3002
Beersheba	Southern District	1377264	8	186600	31.25181	34.7913
Beerst	Provincie West-Vlaanderen, Flanders	1326931	9	1477	51.05983	2.88501
Beervelde	Provincie Oost-Vlaanderen, Flanders	7877474	9	2772	51.08302	3.88635
Beerwah	Sunshine Coast, Queensland	11675249	9	6711	-26.85881	152.96144
Beerzel	Provincie Antwerpen, Flanders	3529578	9	6077	51.05753	4.67127
Beesd	West Betuwe, Gelderland	2730148	10	2980	51.8875	5.19167
Beesel	Gemeente Beesel, Limburg	1414196	10	2090	51.26833	6.03889
Beesel	Gemeente Beesel, Limburg	405004	8	2090	51.26833	6.03889
Beesenlaublingen	Saxony-Anhalt	2338535	9	1586	51.71274	11.69729
Beesenstedt	Saxony-Anhalt	2406717	10	1287	51.56828	11.73323
Beeskow	Brandenburg	1384849	8	8468	52.17291	14.24597
Beesten	Lower Saxony	2006778	8	1707	52.43333	7.5
Beeston	Cheshire West and Chester, England	1474306	10	0	53.11667	-2.68333
Beetsterzwaag	Gemeente Opsterland, Friesland	158306	10	3485	53.05914	6.07711
Beetzendorf	Saxony-Anhalt	1285606	8	1942	52.70226	11.0889
Beetzendorf	Saxony-Anhalt	4727219	9	1942	52.70226	11.0889
Beeville	Bee County, Texas	6587460	8	13277	28.40095	-97.74974
Beez	Province de Namur, Wallonia	2337276	9	1541	50.4686	4.91175
Bega	Bega Valley, New South Wales	6052734	9	4683	-36.67392	149.84178
Begaar	Landes, Nouvelle-Aquitaine	75900	8	1018	43.82363	-0.84904
Beganne	Morbihan, Brittany	146255	8	1407	47.59622	-2.24125
Begard	Cotes-d'Armor, Brittany	399315	8	4779	48.62766	-3.30178
Beggs	Okmulgee County, Oklahoma	184198	8	1247	35.7426	-96.07027
Begijar	Provincia de Jaen, Andalusia	340291	8	3098	37.98492	-3.53094
Begijnendijk	Provincie Vlaams-Brabant, Flanders	3948217	9	9178	51.01942	4.78377
Begijnendijk	Provincie Vlaams-Brabant, Flanders	958941	8	9178	51.01942	4.78377
Begles	Gironde, Nouvelle-Aquitaine	105278	8	23504	44.80759	-0.55144
Begnins	Nyon District, Vaud	1684845	8	1323	46.44152	6.24762
Begonte	Provincia de Lugo, Galicia	12637227	9	3675	43.15121	-7.68643
Begonte	Provincia de Lugo, Galicia	340145	8	3675	43.15121	-7.68643
Begrolles-en-Mauges	Maine-et-Loire, Pays de la Loire	301744	8	1617	47.14102	-0.93991
Begues	Provincia de Barcelona, Catalonia	343715	8	5538	41.33333	1.93333
Begur	Provincia de Girona, Catalonia	343837	8	3981	41.95	3.21667
Begusarai	Begusarai, Bihar	10284935	6	103060	25.41853	86.13389
Begusarai	Begusarai, Bihar	1963174	5	103060	25.41853	86.13389
Behamberg	Politischer Bezirk Amstetten, Lower Austria	906089	8	0	48.01667	14.48333
Behat	Saharanpur, Uttar Pradesh	9998606	6	18223	30.1718	77.6139
Behchoko	North Slave Region, Northwest Territories	12603688	6	1874	62.8025	-116.04639
Behren-les-Forbach	Moselle, Grand Est	107037	8	10225	49.16949	6.93933
Beica de Jos	Comuna Beica De Jos, Mures	12570902	8	2207	46.73333	24.8
Beidaud	Comuna Beidaud, Tulcea	10366926	8	1793	44.71667	28.56667
Beiersdorf	Saxony	1310862	8	1369	51.07405	14.53828
Beigang	Changzhou Shi, Jiangsu	13584809	8	0	31.79735	119.87857
Beigang	Changzhou Shi, Jiangsu	5671328	6	0	31.79735	119.87857
Beigem	Provincie Vlaams-Brabant, Flanders	3479540	9	2019	50.94911	4.36908
Beignon	Morbihan, Brittany	125400	8	1074	47.97062	-2.17155
Beijie	Shizuishan Shi, Ningxia Hui Autonomous Region	3307096	6	0	39.22264	106.76579
Beijinglu	Urumqi Shi, Xinjiang	5663233	6	0	43.83445	87.57652
Beilen	Gemeente Midden-Drenthe, Drenthe	377526	10	9495	52.86333	6.51389
Beilin	Xi'an Shi, Shaanxi	3226088	6	0	34.22846	108.91566
Beilrode	Saxony	2984747	7	2666	51.56667	13.06667
Beilrode	Saxony	534449	8	2666	51.56667	13.06667
Beilstein	Regierungsbezirk Stuttgart, Baden-Wurttemberg	410484	8	6103	49.0414	9.3137
Beilun	Zhejiang	4571794	6	0	29.91917	121.83778
Beimerstetten	Tuebingen Region, Baden-Wurttemberg	2789591	8	2508	48.48333	9.98333
Beinasco	Torino, Piedmont	43989	8	6469	45.02472	7.58564
Beindersheim	Rheinland-Pfalz	422692	8	2923	49.56056	8.31944
Beinette	Provincia di Cuneo, Piedmont	43100	8	2658	44.36394	7.64464
Beiping	Chongqing	14057263	8	4964	31.97388	108.77897
Beire	Provincia de Navarra, Navarre	345431	8	319	42.45415	-1.62101
Beires	Almeria, Andalusia	345261	8	120	37.01237	-2.79134
Beitbridge	Matabeleland South	7858601	6	58100	-22.21667	30
Beius	Municipiul Beius, Bihor	10718901	8	10721	46.66667	22.35
Beiwenquan	Chongqing	2693395	6	0	29.83366	106.41935
Beiyuan	Beijing	2988902	6	0	39.90362	116.64667
Beizama	Provincia de Guipuzcoa, Basque Country	347102	8	165	43.13385	-2.20001
Beja	Bajah	7189431	6	57233	36.72564	9.18169
Beja	Beja	5403215	7	34760	38.01506	-7.86323
Bejagung Kidul	East Java	13088267	8	0	-6.9205	112.0636
Bejar	Provincia de Salamanca, Castille and Leon	341206	8	15007	40.38641	-5.76341
Bejsce	Powiat kazimierski, Swietokrzyskie	6418058	8	878	50.23903	20.59834
Bejucal	Mayabeque	5539164	6	18123	22.92861	-82.38861
Bejucal de Ocampo	Bejucal de Ocampo, Chiapas	5999511	6	315	15.45535	-92.15835
Bejuco	Nandayure, Guanacaste	6406546	8	0	9.85014	-85.32923
Bekasi	West Java	14509733	5	2564940	-6.2349	106.9896
Bekecs	Borsod-Abauj-Zemplen	1439561	8	2446	48.15	21.18333
Bekegem	Provincie West-Vlaanderen, Flanders	1376927	9	1060	51.15976	3.0457
Bekes	Bekes County	1026148	8	21198	46.76667	21.13333
Bekescsaba	Bekes County	1026172	8	59732	46.68333	21.1
Bekessamson	Bekes County	1026186	8	2581	46.41667	20.63333
Bekesszentandras	Bekes County	1026164	8	4103	46.86667	20.48333
Bekilli	Denizli	1606203	6	3615	38.23105	29.4197
Bekkevoort	Provincie Vlaams-Brabant, Flanders	1164871	8	5714	50.94074	4.969
Bekkevoort	Provincie Vlaams-Brabant, Flanders	4636472	9	5714	50.94074	4.969
Bekobod	Toshkent	7726940	6	96900	40.22083	69.26972
Bel Air	Harford County, Maryland	133674	8	10190	39.53594	-76.34829
Bel Air Riviere Seche	Flacq	13476467	8	17671	-20.25777	57.74976
Bel-Nor	Saint Louis County, Missouri	139880	8	1482	38.702	-90.31678
Bel-Ridge	Saint Louis County, Missouri	139881	8	2722	38.7095	-90.32539
Bela Crkva	South Banat, Vojvodina	9811217	9	10675	44.8975	21.41722
Bela Cruz	Bela Cruz, Ceara	302615	8	12715	-3.05056	-40.16778
Bela Palanka	Pirot, Central Serbia	7281451	9	0	43.21833	22.31111
Bela Vista de Goias	Bela Vista De Goias, Goias	334560	8	14289	-16.97278	-48.95333
Bela Vista do Paraiso	Bela Vista Do Paraiso, Parana	297586	8	14332	-22.99667	-51.19056
Bela nad Radbuzou	Okres Domazlice, Plzensky kraj	423971	10	1812	49.59115	12.71761
Bela nad Radbuzou	Okres Domazlice, Plzensky kraj	439263	8	1812	49.59115	12.71761
Bela pod Bezdezem	Okres Mlada Boleslav, Central Bohemia	427009	10	4855	50.50121	14.80418
Bela pod Bezdezem	Okres Mlada Boleslav, Central Bohemia	437528	8	4855	50.50121	14.80418
Belabre	Indre, Centre	1028027	8	1042	46.55121	1.15791
Belair	Mitcham, South Australia	7390166	9	4288	-34.99766	138.62077
Belalcazar	Belalcazar, Caldas	408545	6	9690	4.99528	-75.81278
Belalcazar	Belalcazar, Caldas	7738567	9	9690	4.99528	-75.81278
Belalcazar	Paez, Cauca	1303947	6	36977	2.64644	-75.97269
Belalcazar	Province of Cordoba, Andalusia	343524	8	3562	38.57566	-5.16653
Belapatfalva	Heves	1418229	8	3401	48.05	20.36667
Belascoain	Provincia de Navarra, Navarre	345428	8	122	42.75619	-1.83227
Belaunza	Provincia de Guipuzcoa, Basque Country	347089	8	0	43.13586	-2.05156
Belaya	Kursk	11248951	10	2810	51.05444	35.71611
Belaya	Ternopil Oblast	3166714	9	3728	49.029	25.77059
Belaya Rechka	Kabardino-Balkariya Republic	8787181	10	3424	43.43806	43.535
Belberaud	Upper Garonne, Occitanie	160885	8	1271	43.50768	1.56907
Belbeuf	Seine-Maritime, Normandy	114148	8	2077	49.38766	1.14245
Belbimbre	Provincia de Burgos, Castille and Leon	339734	8	80	42.16873	-4.0128
Belcastro	Provincia di Catanzaro, Calabria	39743	8	1155	39.01799	16.78641
Belchatow	Powiat belchatowski, Lodz Voivodeship	1566918	8	62896	51.36883	19.35671
Belchatow	Powiat belchatowski, Lodz Voivodeship	2911919	7	62896	51.36883	19.35671
Belchertown	Hampshire County, Massachusetts	1839151	8	2899	42.27704	-72.40092
Belchite	Provincia de Zaragoza, Aragon	346828	8	1528	41.306	-0.754
Belcista	Debarca	6456701	8	2804	41.30278	20.83028
Belciugatele	Comuna Belciugatele, Calarasi	13803995	8	2322	44.48333	26.43333
Belcodene	Bouches-du-Rhone, Provence-Alpes-Cote d'Azur	93647	8	1533	43.42612	5.58878
Belconnen	Australian Capital Territory	6805547	9	6621	-35.23798	149.06627
Belcourt	Rolette County, North Dakota	181732	8	2078	48.83917	-99.74487
Belding	Ionia County, Michigan	134734	8	5769	43.09781	-85.22891
Beldon	Joondalup, Western Australia	11689617	9	3859	-31.77466	115.7627
Beled	Gyor-Moson-Sopron	1483467	8	2933	47.46594	17.09294
Belel	Adamaoua	3817731	8	6831	7.05	14.43333
Belem	Belem, Para	185567	8	1407737	-1.45583	-48.50444
Belem	Belem, Para	6458561	9	1407737	-1.45583	-48.50444
Belem	Belem, Paraiba	301342	8	15550	-6.69167	-35.53333
Belem	Belem, Paraiba	6212154	9	15550	-6.69167	-35.53333
Belem de Sao Francisco	Belem do Sao Francisco, Pernambuco	303631	8	11124	-8.75389	-38.96583
Belem de Sao Francisco	Belem do Sao Francisco, Pernambuco	6204940	9	11124	-8.75389	-38.96583
Belem do Brejo do Cruz	Belem Do Brejo Do Cruz, Paraiba	6226697	9	8777	-6.18861	-37.53583
Belen	Belen, Boyaca	1308648	6	5411	5.98892	-72.91254
Belen	Carrillo, Guanacaste	5729138	8	2715	10.40789	-85.58836
Belen	Colon, Narino	1309986	6	3131	1.59477	-77.05408
Belen	Departamento de Belen, Catamarca	2268853	8	0	-27.65103	-67.02869
Belen	Hatay	1240901	6	20113	36.48866	36.19489
Belen	Provincia de Maynas, Loreto	1994092	8	57824	-3.76016	-73.2497
Belen	Pueblo Belen, Salto	3368971	8	2033	-30.78716	-57.77577
Belen	Pueblo Belen, Salto	7430613	9	2033	-30.78716	-57.77577
Belen	Valencia County, New Mexico	171255	8	7152	34.66284	-106.77642
Belen Atzitzimititlan	Apetatitlan de Antonio Carvajal, Tlaxcala	1391383	8	3232	19.34694	-98.19
Belen Gualcho	Ocotepeque	11703683	6	2359	14.48333	-88.8
Belen de Escobar	Partido de Escobar, Buenos Aires	1894774	8	0	-34.34833	-58.79265
Belen de Umbria	Belen de Umbria, Risaralda	4079108	6	21450	5.20087	-75.86865
Belen de los Andaquies	Belen de Los Andaquies, Caqueta	1342131	6	3937	1.41828	-75.87753
Belena	Provincia de Salamanca, Castille and Leon	341205	8	177	40.75067	-5.62713
Belene	Obshtina Belene, Pleven	1922468	7	9781	43.64594	25.12627
Belesta	Ariege, Occitanie	1776127	8	1237	42.90396	1.93412
Belfast	Prince Edward Island	12078739	8	1687	46.08341	-62.88197
Belfast	Waldo County, Maine	132579	8	6682	44.42591	-69.00642
Belfaux	Sarine District, Fribourg	1683274	9	2286	46.82171	7.10674
Belfaux	Sarine District, Fribourg	5817647	8	2286	46.82171	7.10674
Belfield	Canterbury-Bankstown, New South Wales	5686190	9	6295	-33.90354	151.08467
Belfield	Stark County, North Dakota	181696	8	1055	46.88529	-103.19962
Belfiore	Provincia di Verona, Veneto	44736	8	2318	45.38189	11.21085
Belford	Northumberland, England	8444697	10	1258	55.6	-1.83333
Belford Roxo	Belford Roxo, Rio de Janeiro	2220781	8	466096	-22.76417	-43.39944
Belfort	Territoire de Belfort, Bourgogne-Franche-Comte	1667490	7	54562	47.64218	6.85385
Belfort	Territoire de Belfort, Bourgogne-Franche-Comte	75618	8	54562	47.64218	6.85385
Belforte	Provincia di Pesaro e Urbino, The Marches	42582	8	659	43.71676	12.37575
Belforte Monferrato	Provincia di Alessandria, Piedmont	43339	8	433	44.62505	8.66125
Belforte del Chienti	Provincia di Macerata, The Marches	42352	8	1528	43.16426	13.24323
Belgentier	Var, Provence-Alpes-Cote d'Azur	969749	8	1867	43.24535	5.99933
Belgern	Saxony	535248	9	5148	51.48263	13.12382
Belgershain	Saxony	420484	8	3503	51.23333	12.55
Belgian Gardens	Townsville, Queensland	11676816	9	2290	-19.24507	146.79455
Belgida	Provincia de Valencia, Valencia	348044	8	719	38.85	-0.46667
Belgioioso	Provincia di Pavia, Lombardy	44273	8	6209	45.15933	9.31347
Belgirate	Provincia Verbano-Cusio-Ossola, Piedmont	46280	8	387	45.84123	8.57064
Belgium	Ozaukee County, Wisconsin	252009	8	2261	43.49972	-87.85037
Belgrade	Gallatin County, Montana	142443	8	8029	45.77604	-111.1769
Belgrade	Kennebec County, Maine	12189696	8	3096	44.44729	-69.83255
Belgrade	Province de Namur, Wallonia	1701291	9	4756	50.47138	4.82935
Belgrano	Comuna 13, Buenos Aires F.D.	2222180	9	138942	-34.5627	-58.45829
Belgrano	Comuna 13, Buenos Aires F.D.	3373641	9	138942	-34.5627	-58.45829
Belgrave	Yarra Ranges, Victoria	2424048	9	3856	-37.91093	145.35359
Belgrave Heights	Yarra Ranges, Victoria	2424053	9	1329	-37.92624	145.34367
Belgrave South	Yarra Ranges, Victoria	2424057	9	1608	-37.93333	145.33333
Belhaven	Beaufort County, North Carolina	179012	8	1602	35.54017	-76.62299
Beli Manastir	Grad Beli Manastir, Osjecko-Baranjska	11604176	8	8713	45.77	18.60361
Beligneux	Ain, Auvergne-Rhone-Alpes	149288	8	2809	45.86775	5.12747
Belin-Beliet	Gironde, Nouvelle-Aquitaine	76221	8	2991	44.5	-0.78333
Belinchon	Provincia de Cuenca, Castille-La Mancha	344739	8	356	40.04603	-3.05517
Belington	Barbour County, West Virginia	239954	8	1933	39.0251	-79.93563
Belisce	Belisce, Osjecko-Baranjska	11705208	8	7232	45.68028	18.40583
Belison	Province of Antique, Western Visayas	3279592	6	4711	10.8384	121.9605
Belitsa	Obshtina Belitsa, Blagoevgrad	1978203	7	3166	41.95694	23.5725
Belize City	Belize	11520699	7	61461	17.49952	-88.19756
Belk	Powiat rybnicki, Silesia	1635655	9	3353	50.13048	18.71667
Bell	Los Angeles County, California	3542101	8	36205	33.97751	-118.18702
Bell	Rheinland-Pfalz	544234	8	1534	50.38333	7.23333
Bell Acres	Allegheny County, Pennsylvania	187409	8	1395	40.59007	-80.16645
Bell Gardens	Los Angeles County, California	3542118	8	43106	33.96529	-118.15146
Bell Park	Greater Geelong, Victoria	2456207	9	4987	-38.10793	144.33839
Bell Post Hill	Greater Geelong, Victoria	2456208	9	4802	-38.09564	144.31968
Bell Ville	Departamento de Union, Cordoba	3914813	8	35105	-32.62591	-62.68873
Bella	Provincia di Potenza, Basilicate	40697	8	2539	40.76059	15.54101
Bella Italia	Departamento de Castellanos, Santa Fe	9633181	8	1100	-31.28182	-61.41092
Bella Union	Bella Union, Artigas	3456707	8	12200	-30.25966	-57.59919
Bella Vista	Bella Vista, Chiapas	5999512	6	1672	15.58359	-92.24683
Bella Vista	Bella Vista, Itapua	3762455	8	2334	-27.0491	-55.5717
Bella Vista	Benton County, Arkansas	111562	8	27999	36.4807	-94.27134
Bella Vista	Departamento de Leales, Tucuman	8206692	8	15126	-27.03424	-65.30196
Bella Vista	Distrito de Panama, Panama	11381324	8	0	8.98475	-79.52538
Bella Vista	Distrito de Tole, Chiriqui	8493247	8	0	8.21474	-81.61984
Bella Vista	The Hills Shire, New South Wales	5501504	9	8056	-33.74127	150.95456
Bellac	Haute-Vienne, Nouvelle-Aquitaine	254381	8	4973	46.1221	1.04927
Bellaghy	Mid Ulster, Northern Ireland	4437046	10	1072	54.8087	-6.51918
Bellagio	Provincia di Como, Lombardy	46482	8	2823	45.98772	9.26182
Bellaing	North, Hauts-de-France	53660	8	1338	50.36811	3.42515
Bellaire	Antrim County, Michigan	134916	8	1065	44.98028	-85.21117
Bellaire	Belmont County, Ohio	182857	8	4189	40.01618	-80.74231
Bellaire	Harris County, Texas	6586766	8	18518	29.70579	-95.45883
Bellaire	Sedgwick County, Kansas	129816	8	3934	37.76251	-97.26699
Bellamack	Palmerston, Northern Territory	11716483	9	2413	-12.51707	130.98355
Bellambi	Wollongong, New South Wales	6076539	9	3938	-34.36667	150.91667
Bellano	Provincia di Lecco, Lombardy	46735	8	3050	46.04426	9.30734
Bellante	Provincia di Teramo, Abruzzo	42142	8	984	42.74421	13.80234
Bellara	Moreton Bay, Queensland	11677698	9	3209	-27.06392	153.14959
Bellaria-Igea Marina	Provincia di Rimini, Emilia-Romagna	42881	8	17635	44.14255	12.47154
Bellavista	Bellavista, San Martin	1971680	8	15231	-7.05614	-76.5911
Bellbird	Cessnock, New South Wales	6058895	9	2011	-32.85992	151.31873
Bellbird Park	Ipswich, Queensland	11675582	9	6639	-27.63674	152.88663
Bellbowrie	Brisbane, Queensland	11675346	9	5366	-27.55939	152.88278
Bellbrook	Greene County, Ohio	182142	8	7053	39.63562	-84.07077
Bellcaire d'Urgell	Provincia de Lleida, Catalonia	339824	8	1218	41.75	0.91667
Belle	Kanawha County, West Virginia	238669	8	1211	38.23205	-81.53762
Belle	Maries County, Missouri	141446	8	1528	38.28588	-91.72044
Belle Fourche	Butte County, South Dakota	195041	8	5696	44.67137	-103.85215
Belle Glade	Palm Beach County, Florida	117746	8	18251	26.68451	-80.66756
Belle Isle	Orange County, Florida	1273847	8	6689	28.45834	-81.35924
Belle Meade	Davidson County, Tennessee	5639995	8	3004	36.09589	-86.85694
Belle Plaine	Benton County, Iowa	128586	8	2475	41.89694	-92.27824
Belle Plaine	Scott County, Minnesota	136860	8	6918	44.62274	-93.76857
Belle Plaine	Sumner County, Kansas	130154	8	1621	37.39391	-97.28115
Belle Rose	Assumption Parish, Louisiana	131708	8	1902	30.05048	-91.04149
Belle Vernon	Fayette County, Pennsylvania	187263	8	1073	40.12507	-79.86644
Belle-Isle-en-Terre	Cotes-d'Armor, Brittany	395861	8	1139	48.54477	-3.39583
Belleair	Pinellas County, Florida	1216954	8	3992	27.93585	-82.80621
Belleair Beach	Pinellas County, Florida	1216599	8	1609	27.92308	-82.84316
Belleair Bluffs	Pinellas County, Florida	1216594	8	2095	27.92141	-82.81705
Belleben	Saxony-Anhalt	2338536	9	1004	51.67499	11.6342
Bellefontaine	Logan County, Ohio	182398	8	13117	40.36116	-83.75966
Bellefontaine	Province du Luxembourg, Wallonia	12041005	9	1206	49.66429	5.49608
Bellefontaine Neighbors	Saint Louis County, Missouri	139878	8	10798	38.74033	-90.2265
Bellefonte	Centre County, Pennsylvania	188633	8	6248	40.91339	-77.77833
Bellegarde	Gard, Occitanie	384073	8	5340	43.75401	4.51372
Bellegarde	Loiret, Centre	165920	8	1703	47.98333	2.43333
Bellegarde-en-Forez	Loire, Auvergne-Rhone-Alpes	106823	8	1490	45.64469	4.29721
Bellegarde-sur-Valserine	Ain, Auvergne-Rhone-Alpes	148542	9	11699	46.10787	5.82421
Bellegem	Provincie West-Vlaanderen, Flanders	961233	9	3798	50.77686	3.27933
Bellegra	Citta metropolitana di Roma Capitale, Lazio	41613	8	1929	41.88166	13.02861
Bellem	Provincie Oost-Vlaanderen, Flanders	3465319	9	2274	51.09403	3.49277
Belleme	Orne, Normandy	1489574	8	1803	48.37329	0.57005
Bellenaves	Allier, Auvergne-Rhone-Alpes	2194867	8	1027	46.20045	3.07995
Bellenberg	Swabia, Bavaria	941084	8	4607	48.25726	10.09094
Belleneuve	Cote d'Or, Bourgogne-Franche-Comte	152619	8	1448	47.36224	5.26393
Bellengreville	Calvados, Normandy	145794	8	1468	49.12425	-0.20961
Bellerive	Clarence, Tasmania	10625767	9	4291	-42.87551	147.3703
Bellerive-sur-Allier	Allier, Auvergne-Rhone-Alpes	121916	8	8841	46.11652	3.40406
Bellerose Terrace	Nassau County, New York	174489	8	2198	40.72066	-73.72596
Belleu	Aisne, Hauts-de-France	73982	8	4071	49.35917	3.33556
Bellevaux	Haute-Savoie, Auvergne-Rhone-Alpes	107712	8	1273	46.25875	6.53351
Belleview	Marion County, Florida	118850	8	4765	29.05526	-82.06231
Belleville	Dane County, Wisconsin	251948	8	2425	42.85972	-89.53818
Belleville	Essex County, New Jersey	170773	8	36878	40.79371	-74.15014
Belleville	Hastings County, Ontario	4662919	6	50716	44.16682	-77.38277
Belleville	Meurthe et Moselle, Grand Est	1140180	8	1306	48.81817	6.10294
Belleville	Republic County, Kansas	130228	8	1907	39.82445	-97.63254
Belleville	Rhone, Auvergne-Rhone-Alpes	120105	9	6299	46.10867	4.7492
Belleville	Saint Clair County, Illinois	125728	8	42034	38.52005	-89.98399
Belleville	Wayne County, Michigan	134669	8	3880	42.20476	-83.48521
Belleville-sur-Loire	Cher, Centre	300466	8	1094	47.5	2.85
Belleville-sur-Meuse	Meuse, Grand Est	2723971	8	3202	49.17863	5.3719
Belleville-sur-Vie	Vendee, Pays de la Loire	154375	9	3200	46.7829	-1.4307
Bellevue	Allegheny County, Pennsylvania	187410	8	8252	40.49396	-80.05172
Bellevue	Blaine County, Idaho	121379	8	2300	43.46352	-114.2606
Bellevue	Brown County, Wisconsin	242801	8	15317	44.44416	-87.9201
Bellevue	Campbell County, Kentucky	130504	8	5892	39.10645	-84.47883
Bellevue	Eaton County, Michigan	135001	8	1278	42.44337	-85.01805
Bellevue	Geneva	1685450	8	3674	46.25739	6.15475
Bellevue	Huron County, Ohio	182932	8	8005	41.27366	-82.84158
Bellevue	Jackson County, Iowa	128836	8	2176	42.25863	-90.42291
Bellevue	King County, Washington	237868	8	139820	47.61038	-122.20068
Bellevue	Peoria County, Illinois	123019	8	1954	40.68448	-89.6801
Bellevue	Sarpy County, Nebraska	169681	8	55510	41.13667	-95.89084
Bellevue	Swan, Western Australia	11689328	9	1667	-31.90116	116.02762
Bellevue Heights	Mitcham, South Australia	7390239	9	2560	-35.03023	138.58314
Bellevue Hill	Woollahra, New South Wales	5718743	9	10599	-33.87899	151.25101
Belley	Ain, Auvergne-Rhone-Alpes	146650	8	9145	45.75917	5.68813
Bellfield	Banyule, Victoria	2382166	9	1996	-37.75309	145.03848
Bellflower	Los Angeles County, California	3521426	8	78441	33.88168	-118.11701
Bellheim	Rheinland-Pfalz	1250392	8	8494	49.19833	8.27944
Bellheim	Rheinland-Pfalz	904766	7	8494	49.19833	8.27944
Bellignat	Ain, Auvergne-Rhone-Alpes	36209	8	4128	46.24237	5.62843
Belligne	Loire-Atlantique, Pays de la Loire	153630	9	1690	47.46774	-1.0278
Bellingen	Bellingen, New South Wales	6063382	9	3804	-30.45294	152.89911
Bellingham	Norfolk County, Massachusetts	1949524	8	4854	42.08676	-71.47451
Bellingham	Northumberland, England	8511348	10	1070	55.14464	-2.25383
Bellingham	Whatcom County, Washington	237440	8	85146	48.75955	-122.48822
Bellingwolde	Westerwolde, Groningen	1434033	10	2290	53.11583	7.16528
Bellinzago Lombardo	Citta metropolitana di Milano, Lombardy	45248	8	3722	45.54207	9.44595
Bellinzago Novarese	Provincia di Novara, Piedmont	45285	8	8993	45.56877	8.64323
Bellinzona	Bellinzona District, Ticino	1684625	8	16572	46.19278	9.01703
Bellizzi	Provincia di Salerno, Campania	40645	8	10811	40.61981	14.94685
Bellmawr	Camden County, New Jersey	170675	8	11462	39.86761	-75.09462
Bellmead	McLennan County, Texas	6584695	8	10164	31.59405	-97.10889
Bellmere	Moreton Bay, Queensland	11677709	9	5822	-27.08441	152.89003
Bellmore	Nassau County, New York	175588	8	16218	40.66871	-73.52707
Bellmund	Biel/Bienne District, Bern	1682373	8	1311	47.10852	7.24608
Bello	Bello, Antioquia	1307262	6	392939	6.33732	-75.55795
Bello	Provincia de Teruel, Aragon	341057	8	346	40.92266	-1.4985
Bellona	Provincia di Caserta, Campania	41114	8	4727	41.16052	14.23313
Bellosguardo	Provincia di Salerno, Campania	40488	8	853	40.42222	15.31219
Bellows Falls	Windham County, Vermont	9068508	9	3048	43.13341	-72.44398
Belloy-en-France	Val d'Oise, Ile-de-France	553967	8	1629	49.08837	2.37159
Bellprat	Provincia de Barcelona, Catalonia	343714	8	89	41.51695	1.43333
Bellpuig	Provincia de Lleida, Catalonia	344262	8	4269	41.62595	1.01144
Bellreguard	Provincia de Valencia, Valencia	342507	8	3893	38.95	-0.16667
Bells	Crockett County, Tennessee	197366	8	2447	35.71118	-89.08756
Bells	Grayson County, Texas	8452416	8	1426	33.61038	-96.41082
Bells Corners	Ottawa, Ontario	9291596	10	9272	45.31588	-75.83012
Belluno	Provincia di Belluno, Veneto	46834	8	25064	46.14262	12.2156
Bellus	Provincia de Valencia, Valencia	342506	8	383	38.9458	-0.48697
Bellusco	Provincia di Monza e della Brianza, Lombardy	45488	8	6817	45.61958	9.41905
Bellver de Cerdanya	Provincia de Lleida, Catalonia	344261	8	1809	42.36667	1.78333
Bellville	Austin County, Texas	113468	8	4262	29.95023	-96.25719
Bellville	Richland County, Ohio	182663	8	1871	40.62006	-82.51072
Bellvis	Provincia de Lleida, Catalonia	344260	8	2263	41.67269	0.81768
Bellwood	Blair County, Pennsylvania	188253	8	1828	40.6034	-78.32474
Bellwood	Cook County, Illinois	123124	8	19308	41.88142	-87.88312
Belm	Lower Saxony	1819474	8	13897	52.3	8.13333
Belmar	Monmouth County, New Jersey	170403	8	5712	40.17845	-74.0218
Belmez	Province of Cordoba, Andalusia	343525	8	2964	38.26667	-5.2
Belmez de la Moraleda	Provincia de Jaen, Andalusia	340290	8	1859	37.72382	-3.38207
Belmira	Belmira, Antioquia	1307257	6	1388	6.60508	-75.66619
Belmond	Wright County, Iowa	128458	8	2314	42.84608	-93.6141
Belmont	Belknap County, New Hampshire	366807	8	1301	43.44536	-71.47785
Belmont	Belmont, Western Australia	11294978	9	6799	-31.9435	115.9255
Belmont	Brisbane, Queensland	11677806	9	3648	-27.49882	153.134
Belmont	Gaston County, North Carolina	179740	8	10533	35.24292	-81.0373
Belmont	Greater Geelong, Victoria	2460745	9	13767	-38.17485	144.34276
Belmont	Lake Macquarie Shire, New South Wales	5993802	9	7079	-33.0274	151.6601
Belmont	Middlesex County, Massachusetts	1933718	8	24729	42.39593	-71.17867
Belmont	San Mateo County, California	9959750	8	27218	37.52021	-122.2758
Belmont Cragin	Cook County, Illinois	10106531	10	79159	41.9317	-87.76867
Belmont North	Lake Macquarie Shire, New South Wales	6026445	9	6168	-33.02081	151.66849
Belmont South	Lake Macquarie Shire, New South Wales	5993801	9	1090	-33.04934	151.65695
Belmont-de-la-Loire	Loire, Auvergne-Rhone-Alpes	918473	8	1528	46.16596	4.34737
Belmont-sur-Rance	Aveyron, Occitanie	76968	8	1041	43.81812	2.7543
Belmonte	Belmonte, Bahia	6616238	9	9806	-15.86126	-38.87982
Belmonte	Belmonte, Castelo Branco	5380921	7	0	40.3593	-7.34869
Belmonte	Provincia de Cuenca, Castille-La Mancha	344738	8	2360	39.55746	-2.70461
Belmonte Calabro	Provincia di Cosenza, Calabria	39826	8	456	39.16398	16.08215
Belmonte Castello	Provincia di Frosinone, Lazio	41403	8	323	41.57742	13.81581
Belmonte Mezzagno	Palermo, Sicily	39489	8	10208	38.04653	13.39207
Belmonte Piceno	Province of Fermo, The Marches	42313	8	317	43.09175	13.53938
Belmonte de Campos	Provincia de Palencia, Castille and Leon	345622	8	33	41.94255	-4.98659
Belmonte de Tajo	Provincia de Madrid, Madrid	341627	8	1199	40.13162	-3.3358
Belmonte del Sannio	Provincia di Isernia, Molise	41581	8	491	41.82352	14.42333
Belmonte in Sabina	Provincia di Rieti, Lazio	41958	8	170	42.31482	12.89178
Belmontejo	Provincia de Cuenca, Castille-La Mancha	344737	8	201	39.82212	-2.34467
Belmopan	Cayo	10331791	7	13381	17.25	-88.76667
Belmore	Canterbury-Bankstown, New South Wales	5686191	9	12596	-33.91901	151.08935
Belmullet	Mayo County, Connacht	5764220	10	1019	54.225	-9.99083
Belo	North-West	3837967	8	8705	6.13333	10.25
Belo Horizonte	Belo Horizonte, Minas Gerais	368782	8	2373224	-19.92083	-43.93778
Belo Jardim	Belo Jardim, Pernambuco	303599	8	49922	-8.33556	-36.42417
Belo Jardim	Belo Jardim, Pernambuco	6198583	9	49922	-8.33556	-36.42417
Belo Oriente	Belo Oriente, Minas Gerais	315103	8	18470	-19.22	-42.48361
Beloeil	Monteregie, Quebec	7903227	8	18927	45.56839	-73.20568
Beloeil	Province du Hainaut, Wallonia	2166829	8	13405	50.55047	3.73484
Belogradchik	Obshtina Belogradchik, Vidin	1916757	7	5688	43.62722	22.68361
Beloit	Mitchell County, Kansas	129981	8	3790	39.45612	-98.10616
Beloit	Rock County, Wisconsin	251997	8	36891	42.50835	-89.03178
Beloostrov	St.-Petersburg	1116470	8	2080	60.15118	30.00151
Belorado	Provincia de Burgos, Castille and Leon	339728	8	2104	42.42048	-3.19133
Beloslav	Obshtina Beloslav, Varna	13477502	8	7989	43.1896	27.70429
Beloslav	Obshtina Beloslav, Varna	1934783	7	7989	43.1896	27.70429
Belotin	Okres Prerov, Olomoucky	432054	10	1630	49.5912	17.80654
Belotin	Okres Prerov, Olomoucky	438288	8	1630	49.5912	17.80654
Belovo	Obshtina Belovo, Pazardzhik	1974006	7	4155	42.21239	24.02081
Belp	Bern-Mittelland District, Bern	1682374	8	9307	46.89129	7.49825
Belp	Bern-Mittelland District, Bern	1947131	9	9307	46.89129	7.49825
Belpasso	Catania, Sicily	39239	8	16319	37.59192	14.97985
Belpech	Aude, Occitanie	1784111	8	1237	43.19817	1.75201
Belpre	Washington County, Ohio	182963	8	6476	39.27396	-81.5729
Belrose	Northern Beaches, New South Wales	5626404	9	8714	-33.73954	151.21033
Belsand	Sitamarhi, Bihar	10256463	6	19396	26.44365	85.40076
Belsele	Provincie Oost-Vlaanderen, Flanders	3376838	9	10489	51.14598	4.08859
Belsh	Rrethi i Elbasanit, Elbasan	1250595	9	0	40.975	19.88194
Belsito	Provincia di Cosenza, Calabria	39824	8	435	39.17685	16.28745
Belsk Duzy	Powiat grojecki, Mazovia	6633904	8	0	51.82561	20.80847
Belsunce	Bouches-du-Rhone, Provence-Alpes-Cote d'Azur	6581595	10	9106	43.29834	5.3766
Belsznica	Powiat wodzislawski, Silesia	3856199	9	1095	49.97811	18.36313
Beltheim	Rheinland-Pfalz	1204718	8	2075	50.10606	7.46208
Beltinci	Beltinci	1676362	8	2394	46.60528	16.24056
Belton	Anderson County, South Carolina	193849	8	4336	34.52289	-82.49429
Belton	Bell County, Texas	6584696	8	20547	31.05601	-97.46445
Belton	Missouri	141059	8	23168	38.81195	-94.5319
Belton	North Lincolnshire, England	1273815	10	2503	53.55	-0.81667
Beltran	Beltran, Cundinamarca	1353371	6	296	4.80165	-74.74177
Beltrum	Berkelland, Gelderland	1450283	10	1285	52.06667	6.56389
Belvedere	Aiken County, South Carolina	192013	8	5792	33.53097	-81.94484
Belvedere	Marin County, California	2829688	8	2121	37.8727	-122.46442
Belvedere Langhe	Provincia di Cuneo, Piedmont	43211	8	261	44.49361	7.97387
Belvedere Marittimo	Provincia di Cosenza, Calabria	40016	8	6182	39.6193	15.8622
Belvedere Ostrense	Provincia di Ancona, The Marches	42496	8	1283	43.57896	13.16724
Belvedere Spinello	Provincia di Crotone, Calabria	39842	8	2207	39.20674	16.89233
Belveglio	Provincia di Asti, Piedmont	43688	8	143	44.83012	8.32864
Belver de Cinca	Provincia de Huesca, Aragon	348025	8	1381	41.69272	0.17827
Belver de los Montes	Provincia de Zamora, Castille and Leon	346087	8	423	41.72284	-5.45182
Belves	Dordogne, Nouvelle-Aquitaine	1947385	9	1494	44.77635	1.00721
Belvidere	Boone County, Illinois	126096	8	25132	42.26391	-88.84427
Belvidere	Warren County, New Jersey	170913	8	2607	40.82982	-75.07767
Belville	Brunswick County, North Carolina	179054	8	1936	34.23073	-77.96582
Belz	Morbihan, Brittany	117494	8	3523	47.67643	-3.1701
Belzec	Powiat tomaszowski, Lublin	7066211	8	2723	50.38453	23.43839
Belzoni	Humphreys County, Mississippi	7163957	8	2069	33.18429	-90.48926
Belzyce	Powiat lubelski, Lublin	2470074	8	6958	51.17415	22.28027
Bema	Provincia di Sondrio, Lombardy	46771	8	136	46.10819	9.56414
Bembibre	Provincia de Leon, Castille and Leon	343102	8	10071	42.61771	-6.41545
Bembridge	Isle of Wight, England	214494	10	3688	50.68634	-1.08275
Bement	Piatt County, Illinois	124853	8	1683	39.92198	-88.57201
Bemidji	Beltrami County, Minnesota	137369	8	14594	47.47356	-94.88028
Bemmel	Gemeente Lingewaard, Gelderland	2728426	10	12020	51.89167	5.89861
Bemowo	Warszawa, Mazovia	2531595	9	102393	52.2546	20.90844
Bempflingen	Regierungsbezirk Stuttgart, Baden-Wurttemberg	2796103	8	3390	48.57178	9.26834
Bempton	East Riding of Yorkshire, England	576104	10	1040	54.13036	-0.17853
Ben Avon	Allegheny County, Pennsylvania	187411	8	1777	40.50812	-80.08311
Bena	Wasagu-Danko, Kebbi	3707983	8	8361	11.28444	5.93472
Benacazon	Provincia de Sevilla, Andalusia	341179	8	5698	37.35289	-6.19663
Benafarces	Provincia de Valladolid, Castille and Leon	344544	8	123	41.62133	-5.29285
Benafigos	Provincia de Castello, Valencia	344581	8	180	40.27641	-0.20772
Benageber	Provincia de Valencia, Valencia	346994	8	177	39.71667	-1.1
Benaguasil	Provincia de Valencia, Valencia	346995	8	11011	39.6	-0.58333
Benahadux	Almeria, Andalusia	345260	8	3132	36.92493	-2.45941
Benahavis	Provincia de Malaga, Andalusia	341434	8	2275	36.52361	-5.04631
Benalauria	Provincia de Malaga, Andalusia	341439	8	469	36.59445	-5.26099
Benalla	Benalla, Victoria	2556986	9	10072	-36.55113	145.98425
Benalmadena	Provincia de Malaga, Andalusia	341440	8	58854	36.5961	-4.57267
Benalua de las Villas	Provincia de Granada, Andalusia	343143	8	1386	37.42742	-3.68346
Benalup-Casas Viejas	Provincia de Cadiz, Andalusia	346898	8	6754	36.34375	-5.8128
Benamargosa	Provincia de Malaga, Andalusia	341437	8	1547	36.83499	-4.19362
Benamaurel	Provincia de Granada, Andalusia	343144	8	2293	37.60826	-2.7025
Benameji	Province of Cordoba, Andalusia	347763	8	4922	37.26833	-4.54123
Benamocarra	Provincia de Malaga, Andalusia	341438	8	2904	36.79075	-4.16146
Benaocaz	Provincia de Cadiz, Andalusia	342449	8	728	36.70069	-5.42222
Benaojan	Provincia de Malaga, Andalusia	341431	8	1661	36.71929	-5.2522
Benaraby	Gladstone, Queensland	11676388	9	1309	-24.00417	151.3341
Benarraba	Provincia de Malaga, Andalusia	341432	8	550	36.5512	-5.27608
Benasau	Provincia de Alicante, Valencia	346941	8	241	38.69047	-0.34278
Benasque	Provincia de Huesca, Aragon	348023	8	2231	42.60528	0.52305
Benassal	Provincia de Castello, Valencia	342698	8	1329	40.3769	-0.1397
Benatae	Provincia de Jaen, Andalusia	344324	8	0	38.35323	-2.65121
Benatky nad Jizerou	Okres Mlada Boleslav, Central Bohemia	426731	10	6818	50.29085	14.82343
Benatky nad Jizerou	Okres Mlada Boleslav, Central Bohemia	436084	8	6818	50.29085	14.82343
Benavarri / Benabarre	Provincia de Huesca, Aragon	348026	8	1110	42.10586	0.48211
Benavente	Benavente, Santarem	5400566	7	8932	38.97919	-8.80759
Benavente	Benavente, Santarem	6458206	8	8932	38.97919	-8.80759
Benavente	Provincia de Zamora, Castille and Leon	343460	8	19119	42.00249	-5.67826
Benavides	Duval County, Texas	6587461	8	1317	27.59892	-98.40807
Benavides	Provincia de Leon, Castille and Leon	343103	8	2885	42.50442	-5.89442
Benavites	Provincia de Valencia, Valencia	346996	8	649	39.73333	-0.25
Benbrook	Tarrant County, Texas	2980062	8	22629	32.67319	-97.46058
Bend	Deschutes County, Oregon	186761	8	87014	44.05817	-121.31531
Bende	Bende, Abia	3713505	6	79618	5.55874	7.63359
Bender	Bender Municipality	12463379	8	110175	46.83156	29.47769
Bendestorf	Lower Saxony	280521	8	2250	53.33583	9.96154
Bendigo	Greater Bendigo, Victoria	3079195	9	100617	-36.75818	144.28024
Bendorf	Rheinland-Pfalz	541667	8	17495	50.42289	7.57924
Bene Lario	Provincia di Como, Lombardy	46710	8	293	46.02898	9.18414
Bene Vagienna	Provincia di Cuneo, Piedmont	43227	8	1977	44.54268	7.82726
Benecko	Okres Semily, Liberecky kraj	430531	10	1142	50.66633	15.54816
Benecko	Okres Semily, Liberecky kraj	439018	8	1142	50.66633	15.54816
Benedikt	Benedikt	1676342	8	955	46.60861	15.88833
Benediktbeuern	Upper Bavaria, Bavaria	935269	8	3437	47.70624	11.41522
Benedita	Alcobaca, Leiria	6544458	8	8556	39.4247	-8.96996
Beneditinos	Beneditinos, Piaui	302808	8	5005	-5.45	-42.36667
Benegiles	Provincia de Zamora, Castille and Leon	348010	8	399	41.627	-5.63479
Beneixama	Provincia de Alicante, Valencia	346942	8	1956	38.7	-0.76667
Beneixida	Provincia de Valencia, Valencia	346997	8	609	39.06667	-0.55
Benejacq	Pyrenees-Atlantiques, Nouvelle-Aquitaine	2815477	8	1724	43.1919	-0.21343
Benejuzar	Provincia de Alicante, Valencia	346939	8	5295	38.07728	-0.83942
Benesov	Okres Benesov, Central Bohemia	440764	8	16257	49.78162	14.68697
Benesov nad Cernou	Okres Cesky Krumlov, Jihocesky kraj	429281	10	1259	48.7294	14.62737
Benesov nad Cernou	Okres Cesky Krumlov, Jihocesky kraj	438504	8	1259	48.7294	14.62737
Benesov nad Ploucnici	Okres Decin, Ustecky kraj	430683	10	4043	50.74159	14.31239
Benesov nad Ploucnici	Okres Decin, Ustecky kraj	439573	8	4043	50.74159	14.31239
Benesse-Maremne	Landes, Nouvelle-Aquitaine	116819	8	1931	43.63474	-1.36174
Benestare	Provincia di Reggio Calabria, Calabria	39555	8	850	38.18487	16.139
Benet	Vendee, Pays de la Loire	154379	8	3471	46.36776	-0.59756
Benetusser	Provincia de Valencia, Valencia	346998	8	15313	39.42265	-0.39686
Benetutti	Provincia di Sassari, Sardinia	40470	8	1962	40.45689	9.16754
Benevello	Provincia di Cuneo, Piedmont	43401	8	213	44.62981	8.10507
Benevento	Provincia di Benevento, Campania	40973	6	58418	41.1307	14.77816
Benevento	Provincia di Benevento, Campania	41099	8	58418	41.1307	14.77816
Benevides	Benevides, Para	185571	8	49794	-1.36139	-48.24472
Benevides	Benevides, Para	6428392	9	49794	-1.36139	-48.24472
Benfeld	Bas-Rhin, Grand Est	85840	8	5199	48.37062	7.5937
Benferri	Provincia de Alicante, Valencia	346940	8	1494	38.14129	-0.96212
Benfica	Lisbon	6385130	8	36985	38.75087	-9.20282
Bengaluru	Bangalore Urban, Karnataka	7902476	8	8443675	12.97194	77.59369
Bengkayang	West Kalimantan	10621605	6	0	0.83194	109.43589
Beni	Beni, Nord Kivu	5327776	6	232000	0.49113	29.47306
Beni	Beni, Nord Kivu	8972963	6	232000	0.49113	29.47306
Beni Douala	Tizi Ouzou	4292506	8	33611	36.61954	4.08282
Beni Kheddache	Beni Khedeche, Madanin	7142941	6	3588	33.25279	10.19883
Beniarbeig	Provincia de Alicante, Valencia	339577	8	1538	38.82232	-0.0021
Beniarda	Provincia de Alicante, Valencia	339584	8	186	38.68433	-0.21629
Beniarjo	Provincia de Valencia, Valencia	346999	8	1432	38.93249	-0.18634
Beniarres	Provincia de Alicante, Valencia	339568	8	1339	38.82019	-0.37741
Beniatjar	Provincia de Valencia, Valencia	347000	8	240	38.84754	-0.41736
Benicarlo	Provincia de Castello, Valencia	344583	8	26655	40.4165	0.42709
Benicia	Solano County, California	2833527	8	28167	38.04937	-122.15858
Benicolet	Provincia de Valencia, Valencia	347001	8	517	38.91987	-0.34694
Benidoleig	Provincia de Alicante, Valencia	346265	8	1021	38.79278	-0.02992
Benidorm	Provincia de Alicante, Valencia	341148	8	71034	38.53816	-0.13098
Beniel	Murcia	340277	8	10933	38.04636	-1.00233
Benifaio	Provincia de Valencia, Valencia	344674	8	12204	39.28439	-0.42598
Benifairo de les Valls	Provincia de Valencia, Valencia	346992	8	1907	39.73333	-0.26667
Benifallet	Provincia de Tarragona, Catalonia	342342	8	804	40.97422	0.51767
Benifallim	Provincia de Alicante, Valencia	342423	8	126	38.66259	-0.39994
Benifla	Provincia de Valencia, Valencia	348910	8	238	38.92813	-0.17816
Beniganim	Provincia de Valencia, Valencia	346111	8	5899	38.95	-0.43333
Benijofar	Provincia de Alicante, Valencia	342417	8	3467	38.07785	-0.7368
Benilloba	Provincia de Alicante, Valencia	342416	8	881	38.70012	-0.38998
Benillup	Provincia de Alicante, Valencia	342419	8	93	38.75397	-0.37991
Benimantell	Provincia de Alicante, Valencia	342418	8	454	38.67709	-0.21057
Benimarfull	Provincia de Alicante, Valencia	347657	8	467	38.7759	-0.39079
Benimassot	Provincia de Alicante, Valencia	347656	8	134	38.75	-0.28333
Benimeli	Provincia de Alicante, Valencia	345267	8	0	38.82362	-0.04221
Benimodo	Provincia de Valencia, Valencia	346110	8	2019	39.21403	-0.52679
Benimuslem	Provincia de Valencia, Valencia	346113	8	583	39.13162	-0.49288
Bening-les-Saint-Avold	Moselle, Grand Est	1402747	8	1232	49.13504	6.83902
Beniparrell	Provincia de Valencia, Valencia	346112	8	1780	39.38333	-0.41667
Benirredra	Provincia de Valencia, Valencia	348973	8	1460	38.96667	-0.18333
Benisano	Provincia de Valencia, Valencia	348971	8	1974	39.61667	-0.56667
Benisheikh	Kaga, Borno	3721227	8	9825	11.80919	12.49151
Benissa	Provincia de Alicante, Valencia	345268	8	13221	38.71492	0.04849
Benissoda	Provincia de Valencia, Valencia	342153	8	320	38.83333	-0.51667
Benisuera	Provincia de Valencia, Valencia	342152	8	194	38.9132	-0.47784
Benitagla	Almeria, Andalusia	345258	8	64	37.23138	-2.23935
Benito Juarez	Benito Juarez, Mexico City	5605589	6	385439	19.3727	-99.1564
Benito Juarez	Benito Juarez, Tlaxcala	1391333	8	5674	19.5859	-98.42827
Benito Juarez	Benito Juarez, Tlaxcala	5999514	6	5674	19.5859	-98.42827
Benito Juarez	Partido de Benito Juarez, Buenos Aires	3871242	8	0	-37.67188	-59.80653
Benito Juarez	Veracruz	5573213	6	1393	20.88635	-98.20594
Benizalon	Almeria, Andalusia	343543	8	300	37.21213	-2.2418
Benjamin	Knox County, Texas	13574062	8	267	33.58398	-99.79231
Benjamin Constant	Benjamin Constant, Amazonas	332518	8	13998	-4.37555	-70.03179
Benkelman	Dundy County, Nebraska	169612	8	840	40.04916	-101.53294
Benld	Macoupin County, Illinois	123485	8	1488	39.09282	-89.80398
Benna	Provincia di Biella, Piedmont	45196	8	1156	45.51528	8.12409
Benndorf	Saxony-Anhalt	2409457	8	2491	51.57035	11.4929
Bennebroek	Gemeente Bloemendaal, North Holland	271781	10	5140	52.32083	4.59861
Benneckenstein	Saxony-Anhalt	4008632	9	2256	51.66823	10.71716
Bennecourt	Yvelines, Ile-de-France	74717	8	1877	49.04148	1.55469
Bennekom	Gemeente Ede, Gelderland	334641	10	14810	51.99833	5.67639
Bennett	Adams County, Colorado	112813	8	2484	39.75887	-104.42746
Bennett Springs	Swan, Western Australia	11689271	9	5246	-31.85941	115.94512
Bennettsville	Marlboro County, South Carolina	194111	8	8605	34.61738	-79.68478
Bennewitz	Saxony	422921	8	5211	51.36074	12.71376
Benningen	Swabia, Bavaria	958685	8	2118	47.96667	10.21667
Benningen am Neckar	Regierungsbezirk Stuttgart, Baden-Wurttemberg	405840	8	5481	48.94672	9.24212
Bennington	Bennington County, Vermont	2342528	8	9074	42.87813	-73.19677
Bennington	Douglas County, Nebraska	169758	8	1669	41.36472	-96.1578
Bennstedt	Saxony-Anhalt	2406718	10	1514	51.48201	11.8262
Bennungen	Saxony-Anhalt	2398897	10	1004	51.46085	11.11816
Bennwihr	Haut-Rhin, Grand Est	83765	8	1177	48.14456	7.32445
Benodet	Finistere, Brittany	139652	8	2898	47.87531	-4.1058
Benouville	Calvados, Normandy	106703	8	1828	49.24151	-0.28246
Benowa	Gold Coast, Queensland	11675472	9	9015	-28.0077	153.38583
Benque Viejo el Carmen	Cayo	14101754	8	6684	17.075	-89.13917
Benquerencia	Provincia de Caceres, Extremadura	1915434	8	100	39.30994	-6.08465
Benquet	Landes, Nouvelle-Aquitaine	75959	8	1409	43.82967	-0.50171
Bensalem	Bucks County, Pennsylvania	3506329	8	60427	40.10455	-74.95128
Bensdorf	Brandenburg	964589	8	1334	52.41667	12.33333
Bensenville	DuPage County, Illinois	10584635	8	18440	41.95503	-87.94007
Benshausen	Thuringia	1270648	9	2736	50.65	10.6
Benshausen	Thuringia	5332700	10	2736	50.65	10.6
Bensheim	Regierungsbezirk Darmstadt, Hesse	537055	8	39439	49.68369	8.61839
Benson	Cochise County, Arizona	110671	8	4888	31.96786	-110.29452
Benson	Johnston County, North Carolina	179023	8	3591	35.38211	-78.54862
Benson	Oxfordshire, England	1870162	10	5802	51.62073	-1.10979
Benson	Swift County, Minnesota	137667	8	3240	45.315	-95.6025
Bensville	Central Coast, New South Wales	6038964	9	2470	-33.49757	151.38084
Bent Creek	Buncombe County, North Carolina	180404	8	1287	35.509	-82.6079
Bent Jbail	Nabatiye	12867199	7	0	33.11944	35.43333
Bentarique	Almeria, Andalusia	343555	8	275	36.98823	-2.61991
Benthuizen	Gemeente Alphen aan den Rijn, South Holland	2182257	10	18959	52.0775	4.54444
Bentivoglio	Bologna, Emilia-Romagna	43346	8	1234	44.6369	11.41737
Bentleigh	Glen Eira, Victoria	2399593	9	17921	-37.91806	145.03544
Bentleigh East	Glen Eira, Victoria	2400064	9	30159	-37.91928	145.05301
Bentley	Canning, Western Australia	11325863	9	8323	-32.00224	115.92473
Bentley Park	Cairns, Queensland	11677146	9	7890	-17.00389	145.73819
Bentleyville	Washington County, Pennsylvania	187249	8	2525	40.11674	-80.00839
Bento Goncalves	Bento Goncalves, Rio Grande do Sul	242504	8	90852	-29.17139	-51.51917
Bento Goncalves	Bento Goncalves, Rio Grande do Sul	7349899	9	90852	-29.17139	-51.51917
Benton	Bossier Parish, Louisiana	8499677	8	2015	32.69487	-93.74185
Benton	Franklin County, Illinois	126904	8	7041	37.99672	-88.92007
Benton	Kennebec County, Maine	12189769	8	2658	44.58618	-69.55088
Benton	Marshall County, Kentucky	130756	8	4357	36.85728	-88.35031
Benton	Polk County, Tennessee	197160	8	1292	35.17424	-84.65355
Benton	Saline County, Arkansas	111083	8	34177	34.56454	-92.58683
Benton	Scott County, Missouri	140410	8	863	37.09783	-89.56258
Benton City	Benton County, Washington	237650	8	3234	46.26319	-119.4878
Benton Harbor	Berrien County, Michigan	135063	8	9976	42.11671	-86.45419
Bentonville	Benton County, Arkansas	111561	8	44499	36.37285	-94.20882
Bentwisch	Mecklenburg-Vorpommern	393339	8	2549	54.11503	12.20465
Bentzin	Mecklenburg-Vorpommern	1427537	8	1031	53.94608	13.2732
Benuza	Provincia de Leon, Castille and Leon	343104	8	719	42.39941	-6.70969
Benwood	Marshall County, West Virginia	238589	8	1361	40.01813	-80.73425
Benxi	Benxi Shi, Liaoning	2766193	5	987717	41.28861	123.765
Beocin	South Backa, Vojvodina	9767127	9	0	45.20829	19.72063
Beppu	Beppu Shi, Oita	4004877	7	122643	33.27945	131.49751
Bequimao	Bequimao, Maranhao	332798	8	5695	-2.44889	-44.7825
Bera	Pabna, Rajshahi Division	14341720	6	39604	24.07821	89.63262
Bera	Provincia de Navarra, Navarre	348838	8	3685	43.28177	-1.68632
Berala	Cumberland, New South Wales	5558579	9	8974	-33.87197	151.03386
Beranci	Mogila	6888532	8	1264	41.15969	21.35963
Berango	Bizkaia, Basque Country	340588	8	6064	43.365	-2.99601
Berantevilla	Araba / Alava, Basque Country	343698	8	454	42.68254	-2.85832
Berantevilla	Araba / Alava, Basque Country	7160176	9	454	42.68254	-2.85832
Beranuy	Provincia de Huesca, Aragon	339810	8	0	42.36652	0.59418
Berastegui	Provincia de Guipuzcoa, Basque Country	347121	8	0	43.12423	-1.98019
Berat	Rrethi i Beratit, Berat	1252299	8	46866	40.70583	19.95222
Berat	Upper Garonne, Occitanie	154392	8	1589	43.37772	1.17589
Beraton	Provincia de Soria, Castille and Leon	342150	8	47	41.71749	-1.81092
Beratzhausen	Upper Palatinate, Bavaria	965019	8	5583	49.09517	11.8097
Berazategui	Partido de Berazategui, Buenos Aires	2198461	8	167498	-34.76531	-58.21278
Berbegal	Provincia de Huesca, Aragon	348024	8	456	41.95959	-0.00326
Berbenno	Provincia di Bergamo, Lombardy	46165	8	1311	45.81478	9.57105
Berbenno di Valtellina	Provincia di Sondrio, Lombardy	46952	8	3358	46.16641	9.74734
Berbeo	Berbeo, Boyaca	1315421	6	266	5.22675	-73.12608
Berberana	Provincia de Burgos, Castille and Leon	344168	8	80	42.91784	-3.06063
Berbinzana	Provincia de Navarra, Navarre	348079	8	726	42.52779	-1.83419
Berbroek	Provincie Limburg, Flanders	4742663	9	1646	50.95031	5.20904
Bercel	Nograd	1370504	8	1991	47.87057	19.40715
Berceni	Comuna Berceni, Ilfov	9882380	8	4154	44.31417	26.18556
Berceni	Comuna Berceni, Prahova	12821274	8	5976	44.93333	26.11667
Berceo	Provincia de La Rioja, La Rioja	339554	8	0	42.33906	-2.85239
Bercero	Provincia de Valladolid, Castille and Leon	344543	8	243	41.56397	-5.0558
Berceruelo	Provincia de Valladolid, Castille and Leon	344548	8	41	41.58033	-5.03267
Berceto	Provincia di Parma, Emilia-Romagna	43197	8	1048	44.50899	9.99104
Berchem	Provincie Antwerpen, Flanders	59515	9	43511	51.19021	4.43264
Berchem	Provincie Oost-Vlaanderen, Flanders	9403967	9	2423	50.79017	3.51317
Berchem-Sainte-Agathe	Bruxelles-Capitale, Brussels Capital	60140	8	25162	50.86567	4.29557
Berching	Upper Palatinate, Bavaria	1028801	8	8696	49.10695	11.44138
Berchtesgaden	Upper Bavaria, Bavaria	941837	8	7698	47.63236	13.00187
Berchules	Provincia de Granada, Andalusia	347439	8	803	36.97678	-3.19067
Bercial	Provincia de Segovia, Castille and Leon	341411	8	116	40.90711	-4.43638
Bercial de Zapardiel	Provincia de Avila, Castille and Leon	341844	8	278	41.04675	-4.9691
Bercianos del Paramo	Provincia de Leon, Castille and Leon	343105	8	742	42.38017	-5.70834
Bercianos del Real Camino	Provincia de Leon, Castille and Leon	342394	8	205	42.38732	-5.14462
Bercimuel	Provincia de Segovia, Castille and Leon	341786	8	85	41.39925	-3.57051
Berck	Pas-de-Calais, Hauts-de-France	156094	8	15609	50.4	1.6
Berdavan	Tavush	11698838	7	3000	41.20503	44.99967
Berdejo	Provincia de Zaragoza, Aragon	346830	8	68	41.56133	-1.94431
Berdica e Madhe	Rrethi i Shkodres, Shkoder	1248275	8	0	42.01528	19.48167
Berdorf	Berdorf, Echternach	569737	8	900	49.82051	6.34945
Berdychiv	Berdychivskyy Rayon, Zhytomyr	2069556	9	86250	49.89408	28.60144
Bere Regis	Dorset, England	5654591	10	1304	50.75371	-2.21553
Berea	Cuyahoga County, Ohio	182114	8	18874	41.36616	-81.8543
Berea	Greenville County, South Carolina	192185	8	14295	34.8854	-82.45596
Berea	Madison County, Kentucky	130843	8	14882	37.56869	-84.29632
Beregazzo con Figliaro	Provincia di Como, Lombardy	46021	8	2310	45.78068	8.94414
Bereguardo	Provincia di Pavia, Lombardy	44559	8	2146	45.25706	9.02735
Berehove	Berehove Raion, Transcarpathia	3606498	9	23732	48.20514	22.64453
Bereldange	Walferdange, Luxembourg	1694234	9	3627	49.65507	6.11874
Beremend	Baranya	575282	8	2775	45.79108	18.43263
Bereni	Comuna Bereni, Mures	12570514	8	205	46.55733	24.86821
Beresfield	Newcastle, New South Wales	5998393	9	3102	-32.8	151.65
Beresford	Greater Geraldton, Western Australia	11689880	9	1455	-28.75754	114.61965
Beresford	Union County, South Dakota	194949	8	1976	43.08054	-96.77366
Beresti	Comuna Beresti, Galati	10715594	8	2916	46.1	27.88333
Berettyoujfalu	Berettyoujfalui Jaras, Hajdu-Bihar	1444181	8	14614	47.22362	21.53656
Berezan	Kiev	3586904	9	16202	50.3112	31.46712
Berezanskaya	Krasnodar Krai	13709081	10	6568	45.70562	39.59324
Berezeni	Comuna Berezeni, Vaslui	12593684	8	5590	46.37611	28.14778
Berezhany	Ternopil Oblast	3166665	9	17697	49.44578	24.93686
Berezivka	Kharkiv	3550812	9	1618	49.44159	35.70052
Bereznyky	Transcarpathia	13712270	9	3055	48.51111	23.22186
Berg	Provincie Vlaams-Brabant, Flanders	4021257	9	3462	50.93063	4.54336
Berg	Rheinland-Pfalz	1021827	8	1527	50.55523	6.94886
Berg	Upper Franconia, Bavaria	1021686	8	2544	50.37473	11.7785
Berg	Valkenburg aan de Geul, Limburg	10578129	9	3200	50.86167	5.78333
Berg en Dal	Gemeente Berg en Dal, Gelderland	1419868	10	1949	51.82167	5.91667
Berg en Dal	Gemeente Berg en Dal, Gelderland	417811	8	1949	51.82167	5.91667
Berg im Drautal	Politischer Bezirk Spittal an der Drau, Carinthia	392466	8	0	46.74915	13.13536
Berg im Gau	Upper Bavaria, Bavaria	943732	8	1195	48.63333	11.25
Berga	Provincia de Barcelona, Catalonia	343713	8	17160	42.10429	1.84628
Berga	Saxony-Anhalt	2397458	8	1920	51.45561	11.0071
Berga	Saxony-Anhalt	9920909	9	1920	51.45561	11.0071
Berga	Thuringia	2786785	8	3869	50.75184	12.16445
Bergama	Bergama, Izmir	1819082	6	57200	39.12074	27.18052
Bergamasco	Provincia di Alessandria, Piedmont	43661	8	603	44.82725	8.45474
Bergamo	Provincia di Bergamo, Lombardy	45681	8	121200	45.69601	9.66721
Bergantino	Provincia di Rovigo, Veneto	44089	8	2065	45.06145	11.25237
Bergara	Provincia de Guipuzcoa, Basque Country	342233	8	14707	43.1151	-2.4175
Bergasa	Provincia de La Rioja, La Rioja	343278	8	150	42.25285	-2.13221
Bergasillas Bajera	Provincia de La Rioja, La Rioja	339914	8	31	42.24462	-2.1583
Bergatreute	Tuebingen Region, Baden-Wurttemberg	289113	8	3093	47.85	9.75
Berge	Lower Saxony	1808615	8	3772	52.62326	7.7455
Berge	Provincia de Teruel, Aragon	340831	8	247	40.85791	-0.42709
Bergedorf	Hamburg	28936	9	119665	53.48462	10.22904
Bergedorf	Hamburg	404618	10	119665	53.48462	10.22904
Bergeggi	Provincia di Savona, Liguria	42969	8	1120	44.24833	8.44402
Bergen	Bergen, Vestland	404159	7	285911	60.39299	5.32415
Bergen	Gemeente Bergen, North Holland	2726498	10	29974	52.66917	4.70417
Bergen	Gemeente Bergen, North Holland	297089	8	29974	52.66917	4.70417
Bergen	Lower Saxony	1797917	8	13609	52.80837	9.96374
Bergen	Regierungsbezirk Mittelfranken, Bavaria	1015148	8	1061	49.07347	11.114
Bergen	Saxony	444285	8	1102	50.471	12.27448
Bergen	Upper Bavaria, Bavaria	941749	8	4731	47.80837	12.58982
Bergen an der Dumme	Lower Saxony	1821916	8	1558	52.89109	10.95629
Bergen auf Ruegen	Mecklenburg-Vorpommern	1437544	8	14771	54.41823	13.43349
Bergen auf Ruegen	Mecklenburg-Vorpommern	1437549	7	14771	54.41823	13.43349
Bergen op Zoom	Gemeente Bergen op Zoom, North Brabant	1379570	10	66256	51.495	4.29167
Bergen op Zoom	Gemeente Bergen op Zoom, North Brabant	296882	8	66256	51.495	4.29167
Bergenfield	Bergen County, New Jersey	170589	8	27621	40.9276	-73.99736
Bergerac	Dordogne, Nouvelle-Aquitaine	145155	8	28317	44.85157	0.48171
Bergeyk	Bergeijk, North Brabant	1502864	10	18181	51.31917	5.35833
Bergeyk	Bergeijk, North Brabant	299577	8	18181	51.31917	5.35833
Bergharen	Gemeente Wijchen, Gelderland	1451168	10	1370	51.85083	5.66944
Berghaupten	Freiburg Region, Baden-Wurttemberg	452995	8	2372	48.40602	7.98672
Bergheim	Haut-Rhin, Grand Est	69406	8	1857	48.2054	7.36299
Bergheim	Politischer Bezirk Salzburg-Umgebung, Salzburg	86537	8	2777	47.83333	13.03333
Bergheim	Regierungsbezirk Koeln, North Rhine-Westphalia	168469	8	63558	50.95572	6.63986
Berghem	Gemeente Oss, North Brabant	1450560	10	6500	51.76991	5.56827
Berghin	Comuna Berghin, Alba	11349251	8	2125	46.07782	23.73742
Bergholtz	Haut-Rhin, Grand Est	79376	8	1069	47.9167	7.24651
Berghulen	Tuebingen Region, Baden-Wurttemberg	2788220	8	2031	48.46399	9.7611
Bergi	Riga	13509815	9	0	56.98639	24.29917
Bergi	Riga	1727755	10	0	56.98639	24.29917
Bergisch Gladbach	Regierungsbezirk Koeln, North Rhine-Westphalia	173103	8	106184	50.9856	7.13298
Bergkamen	Regierungsbezirk Arnsberg, North Rhine-Westphalia	158457	8	52329	51.61633	7.64451
Bergkirchen	Upper Bavaria, Bavaria	934458	8	6955	48.25671	11.36488
Berglern	Upper Bavaria, Bavaria	934747	8	2423	48.38407	11.93012
Bergneustadt	Regierungsbezirk Koeln, North Rhine-Westphalia	173857	8	20567	51.02496	7.65599
Bergolo	Provincia di Cuneo, Piedmont	43302	8	36	44.54784	8.18314
Bergondo	Provincia da Coruna, Galicia	342635	8	6446	43.31667	-8.23333
Bergondo	Provincia da Coruna, Galicia	9471987	9	6446	43.31667	-8.23333
Bergrheinfeld	Regierungsbezirk Unterfranken, Bavaria	318734	8	4971	50.01028	10.18089
Bergschenhoek	Gemeente Lansingerland, South Holland	47649	10	16579	51.99	4.49861
Bergstedt	Hamburg	288564	10	9845	53.67111	10.12694
Bergtheim	Regierungsbezirk Unterfranken, Bavaria	182322	8	3460	49.9	10.06667
Bergues	North, Hauts-de-France	139259	8	4355	50.96882	2.43242
Bergwitz	Saxony-Anhalt	9847340	9	1679	51.79479	12.58954
Berhida	Veszprem	1078551	8	5822	47.11131	18.12948
Beri Khas	Jhajjar, Haryana	10397936	6	16727	28.70146	76.57708
Beriain	Provincia de Navarra, Navarre	339672	8	3156	42.73347	-1.64448
Berikon	Bezirk Bremgarten, Aargau	1684268	8	4527	47.35155	8.37232
Beringe	Gemeente Peel en Maas, Limburg	2181871	10	1925	51.33667	5.94861
Beringel	Beja	6431938	8	1301	38.05656	-7.98427
Beringen	Bezirk Schaffhausen, Schaffhausen	2754655	8	3216	47.69763	8.57431
Beringen	Provincie Limburg, Flanders	1229559	8	40930	51.04954	5.22606
Beringen	Provincie Limburg, Flanders	3931051	9	40930	51.04954	5.22606
Beriu	Comuna Beriu, Hunedoara	10541107	8	3309	45.78333	23.18333
Berja	Almeria, Andalusia	343554	8	15035	36.84693	-2.94966
Berkel en Rodenrijs	Gemeente Lansingerland, South Holland	47368	10	20189	51.99313	4.47865
Berkeley	Alameda County, California	2833528	8	120972	37.87159	-122.27275
Berkeley	Cook County, Illinois	123125	8	5203	41.88892	-87.9034
Berkeley	Gloucestershire, England	5992538	10	2034	51.69111	-2.45917
Berkeley	Saint Louis County, Missouri	139885	8	9073	38.7545	-90.33123
Berkeley	Wollongong, New South Wales	6076542	9	7559	-34.48333	150.85
Berkeley Heights	Union County, New Jersey	170514	8	14179	40.68343	-74.44265
Berkeley Lake	Gwinnett County, Georgia	119374	8	2024	33.98371	-84.18658
Berkeley Vale	Central Coast, New South Wales	6037049	9	8198	-33.35	151.43333
Berkenbruck	Brandenburg	1384819	8	1024	52.35	14.15
Berkenthin	Schleswig-Holstein	1469273	8	2033	53.73333	10.65
Berkenthin	Schleswig-Holstein	1541878	7	2033	53.73333	10.65
Berkenwoude	Krimpenerwaard, South Holland	107335	10	1390	51.945	4.70694
Berkhamsted	Hertfordshire, England	3666188	10	21997	51.7604	-0.56528
Berkheim	Tuebingen Region, Baden-Wurttemberg	2801244	8	2657	48.04263	10.08227
Berkhout	Gemeente Koggenland, North Holland	161936	10	1905	52.64083	5.00139
Berkley	Adams County, Colorado	1782508	8	11207	39.80443	-105.02609
Berkley	Bristol County, Massachusetts	2396243	8	5849	41.84593	-71.08282
Berkley	Oakland County, Michigan	134533	8	15268	42.50309	-83.18354
Berkovitsa	Obshtina Berkovitsa, Montana	1916930	7	15027	43.23581	23.12738
Berkshire Park	Penrith Municipality, New South Wales	3044754	9	2120	-33.67283	150.77523
Berkswell	Solihull, England	2715718	10	0	52.40902	-1.6422
Berlaar	Provincie Antwerpen, Flanders	1186624	8	10370	51.1176	4.65835
Berlaar	Provincie Antwerpen, Flanders	3530728	9	10370	51.1176	4.65835
Berlaimont	North, Hauts-de-France	54897	8	3314	50.20155	3.81343
Berlanga	Provincia de Badajoz, Extremadura	342320	8	2627	38.28333	-5.81667
Berlanga de Duero	Provincia de Soria, Castille and Leon	342151	8	1091	41.4656	-2.86147
Berlanga del Bierzo	Provincia de Leon, Castille and Leon	342396	8	412	42.73104	-6.60565
Berlangas de Roa	Provincia de Burgos, Castille and Leon	344167	8	219	41.68913	-3.87284
Berlare	Provincie Oost-Vlaanderen, Flanders	1260082	8	13853	51.03333	4
Berlare	Provincie Oost-Vlaanderen, Flanders	7758775	9	13853	51.03333	4
Berlevag	Berlevag, Troms og Finnmark	406650	7	1085	70.85778	29.08636
Berlicum	Gemeente Sint-Michielsgestel, North Brabant	2725245	10	4250	51.6775	5.4
Berlin	Berlin	62422	4	3426354	52.52437	13.41053
Berlin	Camden County, New Jersey	170680	8	7590	39.79123	-74.92905
Berlin	Coos County, New Hampshire	170184	8	9367	44.46867	-71.18508
Berlin	Somerset County, Pennsylvania	189091	8	2019	39.92064	-78.9578
Berlin	Worcester County, Maryland	133689	8	4529	38.32262	-75.21769
Berlin	Worcester County, Massachusetts	1844156	8	2422	42.3812	-71.63701
Berlingerode	Thuringia	2393736	8	1248	51.45775	10.2384
Berlingo	Provincia di Brescia, Lombardy	45158	8	1656	45.50281	10.03436
Berlohy	Ivano-Frankivsk Oblast	3656256	9	1238	48.96485	24.24842
Berloz	Province de Liege, Wallonia	2374114	8	2770	50.69829	5.21236
Berlstedt	Thuringia	2856988	10	1718	51.06142	11.24288
Berltsum	Waadhoeke, Friesland	2655740	10	2530	53.2437	5.65101
Bermagui	Bega Valley, New South Wales	6079477	9	1539	-36.419	150.06355
Bermatingen	Tuebingen Region, Baden-Wurttemberg	2806391	8	3711	47.73333	9.35
Bermejo	Tarija	4509723	8	35411	-22.73206	-64.33724
Bermellar	Provincia de Salamanca, Castille and Leon	341198	8	190	40.99918	-6.67014
Bermeo	Bizkaia, Basque Country	340589	8	16937	43.42088	-2.72152
Bermillo de Sayago	Provincia de Zamora, Castille and Leon	346090	8	1308	41.36648	-6.11223
Bermuda Dunes	Riverside County, California	2561344	10	7282	33.7428	-116.28918
Bermuda Run	Davie County, North Carolina	179953	8	2561	36.00375	-80.422
Bern	Bern-Mittelland District, Bern	1682378	8	121631	46.94809	7.44744
Bernal	Ezequiel Montes, Queretaro	4063574	8	3965	20.7403	-99.94125
Bernal	Sechura, Piura	1986170	8	5916	-5.45	-80.75
Bernalda	Provincia di Matera, Basilicate	40489	8	10763	40.41261	16.68919
Bernalillo	Sandoval County, New Mexico	171052	8	8843	35.30004	-106.55114
Bernardino de Campos	Bernardino De Campos, Sao Paulo	298318	8	9342	-23.01306	-49.47417
Bernardino de Campos	Bernardino De Campos, Sao Paulo	5684852	9	9342	-23.01306	-49.47417
Bernardo Larroude	Departamento de Chapaleufu, La Pampa	11958431	8	1619	-35.02449	-63.58253
Bernardo de Irigoyen	Departamento de General Manuel Belgrano, Misiones	11569593	8	10889	-26.2552	-53.64581
Bernardos	Provincia de Segovia, Castille and Leon	341239	8	658	41.12787	-4.35119
Bernardston	Franklin County, Massachusetts	1839612	8	2193	42.67092	-72.54953
Bernardsville	Somerset County, New Jersey	170463	8	7801	40.71871	-74.56932
Bernardswiller	Bas-Rhin, Grand Est	902366	8	1296	48.45035	7.46238
Bernareggio	Provincia di Monza e della Brianza, Lombardy	45574	8	9061	45.64778	9.40505
Bernartice	Okres Pisek, Jihocesky kraj	437517	8	1260	49.36889	14.38101
Bernasconi	Departamento de Hucal, La Pampa	11491402	8	1781	-37.90459	-63.7424
Bernate Ticino	Citta metropolitana di Milano, Lombardy	45065	8	1723	45.47873	8.81834
Bernau am Chiemsee	Upper Bavaria, Bavaria	2186914	8	6645	47.81167	12.37566
Bernau bei Berlin	Brandenburg	1318337	8	34866	52.67982	13.58708
Bernaville	Somme, Hauts-de-France	3247678	8	1012	50.13232	2.163
Bernay	Eure, Normandy	1222237	8	12399	49.08888	0.59858
Bernbeuren	Upper Bavaria, Bavaria	936752	8	2240	47.73696	10.77707
Bernburg	Saxony-Anhalt	124297	8	32113	51.79464	11.7401
Bernburg	Saxony-Anhalt	7953600	9	32113	51.79464	11.7401
Berndorf bei Salzburg	Politischer Bezirk Salzburg-Umgebung, Salzburg	86575	8	1284	47.99532	13.06146
Berne	Adams County, Indiana	127757	8	4084	40.65782	-84.95191
Berne	Morbihan, Brittany	111487	8	1327	47.9953	-3.39208
Bernes-sur-Oise	Val d'Oise, Ile-de-France	535224	8	2414	49.16128	2.3
Berneval-le-Grand	Seine-Maritime, Normandy	1824791	9	1089	49.95328	1.18755
Bernex	Geneva	1685451	8	9759	46.1765	6.07544
Bernezzo	Provincia di Cuneo, Piedmont	43088	8	1656	44.38533	7.43633
Berngau	Upper Palatinate, Bavaria	1028816	8	2338	49.25	11.4
Bernhardsthal	Politischer Bezirk Mistelbach, Lower Austria	107963	8	830	48.69158	16.86951
Bernhardswald	Upper Palatinate, Bavaria	964623	8	5596	49.09123	12.24744
Bernice	Union Parish, Louisiana	132154	8	1648	32.82209	-92.65793
Bernie	Stoddard County, Missouri	140878	8	1951	36.66894	-89.9687
Bernieres-sur-Mer	Calvados, Normandy	138891	8	1972	49.33057	-0.42299
Bernin	Isere, Auvergne-Rhone-Alpes	80483	8	3129	45.26772	5.86457
Berninches	Provincia de Guadalajara, Castille-La Mancha	341299	8	122	40.57106	-2.80121
Bernis	Gard, Occitanie	378969	8	2882	43.76557	4.28619
Bernissart	Province du Hainaut, Wallonia	2166830	8	11588	50.4746	3.64961
Bernitt	Mecklenburg-Vorpommern	1958439	8	1890	53.90403	11.88669
Bernkastel-Kues	Rheinland-Pfalz	1258355	8	6880	49.91602	7.07664
Bernkastel-Kues	Rheinland-Pfalz	661038	7	6880	49.91602	7.07664
Bernried	Lower Bavaria, Bavaria	959818	8	4972	48.91667	12.88333
Bernsbach	Saxony	406573	9	4676	50.57624	12.76751
Bernsdorf	Saxony	1307707	8	5871	51.3735	14.06886
Bernsdorf	Saxony	414895	10	2594	50.76667	12.66667
Bernsdorf	Saxony	417025	8	2594	50.76667	12.66667
Bernsdorf	Saxony	8682390	9	2594	50.76667	12.66667
Bernstadt	Tuebingen Region, Baden-Wurttemberg	937641	8	2004	48.49957	10.02575
Berolle	Morges District, Vaud	1684850	8	0	46.55798	6.33551
Beromuenster	Sursee District, Lucerne	1682818	8	2876	47.20612	8.19265
Beroun	Okres Beroun, Central Bohemia	423583	10	17550	49.96382	14.072
Beroun	Okres Beroun, Central Bohemia	442333	8	17550	49.96382	14.072
Berovo	Berovo	6866295	8	13847	41.70306	22.85778
Berowra	Hornsby Shire, New South Wales	5621035	9	4586	-33.62078	151.15091
Berowra Heights	Hornsby Shire, New South Wales	5620157	9	5162	-33.61211	151.13754
Berre-l'Etang	Bouches-du-Rhone, Provence-Alpes-Cote d'Azur	102789	8	14062	43.47809	5.17044
Berre-les-Alpes	Alpes-Maritimes, Provence-Alpes-Cote d'Azur	1240609	8	1284	43.83052	7.32877
Berri	Berri and Barmera, South Australia	6467854	9	4173	-34.28107	140.59958
Berriatua	Bizkaia, Basque Country	340582	8	1123	43.31667	-2.46667
Berric	Morbihan, Brittany	148323	8	1100	47.63244	-2.52499
Berridale	Snowy Monaro Regional, New South Wales	6063934	9	1342	-36.36673	148.82772
Berriedale	Glenorchy, Tasmania	10625377	9	2649	-42.81667	147.25
Berrien	Finistere, Brittany	278807	8	1012	48.40342	-3.7518
Berrien Springs	Berrien County, Michigan	135065	8	1764	41.94643	-86.3389
Berrigan	Berrigan, New South Wales	5828270	9	1234	-35.65879	145.81145
Berrimah	Darwin, Northern Territory	11716500	9	1224	-12.43507	130.92606
Berrinba	Logan, Queensland	11675390	9	1328	-27.65853	153.07888
Berrington	Shropshire, England	4798744	10	0	52.65	-2.7
Berriozabal	Berriozabal, Chiapas	5999515	6	28128	16.79853	-93.27163
Berriozar	Provincia de Navarra, Navarre	339677	8	8199	42.83067	-1.66648
Berriz	Bizkaia, Basque Country	340583	8	4496	43.16667	-2.56667
Berrobi	Provincia de Guipuzcoa, Basque Country	347117	8	575	43.14518	-2.02623
Berrocal	Provincia de Huelva, Andalusia	343810	8	369	37.60863	-6.54147
Berrocal de Huebra	Provincia de Salamanca, Castille and Leon	345838	8	105	40.71864	-6.00054
Berrocal de Salvatierra	Provincia de Salamanca, Castille and Leon	345839	8	120	40.63331	-5.69005
Berrocalejo	Provincia de Caceres, Extremadura	1864101	8	118	39.81948	-5.34951
Berrocalejo de Aragona	Provincia de Avila, Castille and Leon	339705	8	50	40.69436	-4.59474
Berrotaran	Departamento de Rio Cuarto, Cordoba	3921268	8	6446	-32.451	-64.38867
Berrueces	Provincia de Valladolid, Castille and Leon	344547	8	102	41.94606	-5.09693
Berrwiller	Haut-Rhin, Grand Est	78647	8	1109	47.84984	7.21922
Berry	Fayette County, Alabama	110682	8	1113	33.65983	-87.60001
Berry	Shoalhaven Shire, New South Wales	6076546	9	2648	-34.77507	150.69436
Berryville	Carroll County, Arkansas	111515	8	5371	36.36479	-93.56797
Berryville	Clarke County, Virginia	206975	8	4300	39.15177	-77.98222
Berryville	Henderson County, Texas	114691	8	1014	32.08849	-95.4719
Bersee	North, Hauts-de-France	57856	8	2178	50.47978	3.14765
Bersenbrueck	Lower Saxony	1817474	8	7958	52.5516	7.94836
Berserker	Rockhampton, Queensland	11676455	9	6865	-23.35817	150.52042
Bershet'	Perm Krai	3713810	10	3489	57.7309	56.3783
Berson	Gironde, Nouvelle-Aquitaine	89466	8	1658	45.10803	-0.58684
Berstadt	Regierungsbezirk Darmstadt, Hesse	14293034	10	1740	50.42606	8.86621
Berstett	Bas-Rhin, Grand Est	373885	8	1998	48.679	7.65721
Berteaucourt-les-Dames	Somme, Hauts-de-France	1357320	8	1123	50.04697	2.1575
Bertem	Provincie Vlaams-Brabant, Flanders	3479800	9	9215	50.86403	4.62918
Bertem	Provincie Vlaams-Brabant, Flanders	415817	8	9215	50.86403	4.62918
Berthecourt	Oise, Hauts-de-France	454713	8	1416	49.35097	2.22471
Berthierville	Lanaudiere, Quebec	7710968	8	4411	46.08336	-73.18245
Berthoud	Larimer County, Colorado	112466	8	6031	40.30832	-105.08109
Bertinoro	Provincia di Forli-Cesena, Emilia-Romagna	42902	8	1550	44.14874	12.1365
Bertioga	Bertioga, Sao Paulo	297935	8	35759	-23.85444	-46.13861
Bertiolo	Udine, Friuli Venezia Giulia	179242	8	1996	45.94463	13.05606
Bertogne	Province du Luxembourg, Wallonia	12871010	9	2852	50.08364	5.66689
Bertogne	Province du Luxembourg, Wallonia	2453835	8	2852	50.08364	5.66689
Bertonico	Provincia di Lodi, Lombardy	44486	8	939	45.23307	9.66806
Bertram	Burnet County, Texas	9228322	8	1390	30.7438	-98.05558
Bertram	Kwinana, Western Australia	11689144	9	6094	-32.24369	115.84572
Bertrange	Bertrange, Luxembourg	407950	8	5615	49.61111	6.05
Bertrange	Moselle, Grand Est	2399783	8	2092	49.31368	6.19208
Bertrix	Province du Luxembourg, Wallonia	12616665	9	8063	49.85596	5.25539
Bertrix	Province du Luxembourg, Wallonia	2440914	8	8063	49.85596	5.25539
Bertry	North, Hauts-de-France	55623	8	2312	50.08718	3.44298
Bertsdorf-Hoernitz	Saxony	418121	8	2616	50.88593	14.73696
Beruges	Vienne, Nouvelle-Aquitaine	133954	8	1177	46.56715	0.20735
Berumbur	Lower Saxony	898199	8	2559	53.6	7.31667
Berveni	Comuna Berveni, Satu Mare	11671544	8	3536	47.75	22.46667
Berwick	Casey, Victoria	2428891	9	50298	-38.03333	145.35
Berwick	Columbia County, Pennsylvania	187899	8	10223	41.05453	-76.23327
Berwick	Nova Scotia	9175072	8	2509	45.05015	-64.73208
Berwick	Saint Mary Parish, Louisiana	131582	8	4765	29.69465	-91.21899
Berwick	York County, Maine	2020714	8	2187	43.26592	-70.8645
Berwick-Upon-Tweed	Northumberland, England	8417817	10	13265	55.76868	-2.00537
Berwyn	Cook County, Illinois	123130	7	56368	41.85059	-87.79367
Berwyn Heights	Prince George's County, Maryland	133383	8	3280	38.994	-76.91053
Berxull	Rrethi i Tiranes, Tirana	1250100	8	0	41.38	19.6875
Berzano di San Pietro	Provincia di Asti, Piedmont	44172	8	263	45.09418	7.95352
Berzano di Tortona	Provincia di Alessandria, Piedmont	43762	8	27	44.87666	8.95108
Berzasca	Comuna Berzasca, Caras-Severin	11319222	8	1619	44.64712	21.95428
Berzence	Somogy	1367850	8	2694	46.20907	17.1481
Berzhite	Rrethi i Tiranes, Tirana	1250094	8	0	41.24528	19.90111
Berzo	Provincia di Brescia, Lombardy	46846	8	676	46.09287	10.33303
Berzo Inferiore	Provincia di Brescia, Lombardy	46396	8	2418	45.93027	10.27696
Berzo San Fermo	Provincia di Bergamo, Lombardy	45831	8	1211	45.71938	9.90316
Berzosa de Bureba	Provincia de Burgos, Castille and Leon	344169	8	46	42.62678	-3.26652
Berzosa del Lozoya	Provincia de Madrid, Madrid	345605	8	184	40.9732	-3.52009
Berzosilla	Provincia de Palencia, Castille and Leon	345621	8	62	42.78053	-4.03753
Berzovia	Comuna Berzovia, Caras-Severin	13881651	8	4031	45.42611	21.62806
Besalu	Provincia de Girona, Catalonia	343835	8	2213	42.19893	2.69953
Besana in Brianza	Provincia di Monza e della Brianza, Lombardy	45747	8	8490	45.70235	9.2947
Besancon	Doubs, Bourgogne-Franche-Comte	103599	8	128426	47.24878	6.01815
Besano	Provincia di Varese, Lombardy	46420	8	2350	45.88949	8.89068
Besate	Citta metropolitana di Milano, Lombardy	44672	8	2022	45.31296	8.96964
Bescano	Provincia de Girona, Catalonia	348893	8	3767	41.96603	2.73922
Beselare	Provincie West-Vlaanderen, Flanders	1266371	9	2606	50.84812	3.02449
Besenbueren	Bezirk Muri, Aargau	1684269	8	0	47.31439	8.34586
Besenello	Provincia autonoma di Trento, Trentino-Alto Adige	46570	8	2354	45.94356	11.10908
Besenyotelek	Heves	1418121	8	2588	47.7	20.43333
Besenyszog	Jasz-Nagykun-Szolnok	1325341	8	3460	47.3	20.26667
Besenzone	Provincia di Piacenza, Emilia-Romagna	43869	8	325	44.98689	9.95604
Besigheim	Regierungsbezirk Stuttgart, Baden-Wurttemberg	405302	8	11883	48.99797	9.14268
Besikduzu	Trabzon	1236144	6	36987	41.05202	39.23294
Besiri	Batman	1842146	6	9513	37.91573	41.2865
Besko	Powiat sanocki, Subcarpathia	6898518	8	3700	49.58757	21.95292
Besnate	Provincia di Varese, Lombardy	45769	8	5272	45.69858	8.76734
Besne	Loire-Atlantique, Pays de la Loire	173695	8	2212	47.39738	-2.09137
Besni	Adiyaman	1825239	6	41892	37.69278	37.86111
Besozzo	Provincia di Varese, Lombardy	46285	8	8883	45.84889	8.66517
Bessancourt	Val d'Oise, Ile-de-France	398178	8	8026	49.03765	2.20936
Bessay-sur-Allier	Allier, Auvergne-Rhone-Alpes	116610	8	1414	46.44199	3.36257
Besse	Koko-Besse, Kebbi	3707984	8	0	11.26676	4.43114
Besse-et-Saint-Anastaise	Puy-de-Dome, Auvergne-Rhone-Alpes	10363481	9	1636	45.51667	2.93333
Besse-et-Saint-Anastaise	Puy-de-Dome, Auvergne-Rhone-Alpes	123733	8	1636	45.51667	2.93333
Besse-sur-Braye	Sarthe, Pays de la Loire	107441	8	2745	47.83355	0.74962
Besse-sur-Issole	Var, Provence-Alpes-Cote d'Azur	241355	8	1923	43.34892	6.17656
Besseges	Gard, Occitanie	76130	8	3406	44.29174	4.1004
Bessemer	Gogebic County, Michigan	134892	8	1770	46.48134	-90.05295
Bessemer	Jefferson County, Alabama	110156	8	26730	33.40178	-86.95444
Bessemer	Lawrence County, Pennsylvania	188523	8	1072	40.97478	-80.49368
Bessemer City	Gaston County, North Carolina	179739	8	5548	35.28486	-81.28397
Bessenay	Rhone, Auvergne-Rhone-Alpes	252607	8	2138	45.77661	4.55441
Bessieres	Upper Garonne, Occitanie	153633	8	2685	43.79861	1.60624
Bessines	Deux-Sevres, Nouvelle-Aquitaine	146645	8	1421	46.30207	-0.51628
Bessines-sur-Gartempe	Haute-Vienne, Nouvelle-Aquitaine	953891	8	2836	46.10888	1.36831
Bessonovka	Belgorod Oblast	6599003	10	3060	50.52644	36.30107
Bessude	Provincia di Sassari, Sardinia	40585	8	428	40.55449	8.72753
Best	Gemeente Best, North Brabant	164224	10	29074	51.5075	5.39028
Best	Gemeente Best, North Brabant	164225	8	29074	51.5075	5.39028
Bestensee	Brandenburg	1352904	8	6265	52.23978	13.63732
Bestepe	Comuna Bestepe, Tulcea	9883777	8	1901	45.09241	29.01478
Bestovje	Sveta Nedelja, Zagrebacka	10772767	8	2402	45.80833	15.81667
Bestwig	Regierungsbezirk Arnsberg, North Rhine-Westphalia	157422	8	11764	51.36081	8.40082
Bestwina	Powiat Bielski, Silesia	3464504	8	4409	49.89712	19.05776
Bestwinka	Powiat Bielski, Silesia	3464074	8	1541	49.93272	19.06694
Bet Dagan	Central District	1382242	8	7099	32.00191	34.82977
Bet She'an	Northern District	1380253	8	16800	32.49728	35.49632
Bet Shemesh	Jerusalem	1379449	8	124957	31.73072	34.99293
Betania	Betania, Antioquia	1350632	6	3800	5.74601	-75.97765
Betanzos	Provincia da Coruna, Galicia	10045627	7	13680	43.28042	-8.21467
Betanzos	Provincia da Coruna, Galicia	342634	8	13680	43.28042	-8.21467
Betanzos	Provincia da Coruna, Galicia	9470851	9	13680	43.28042	-8.21467
Beteitiva	Beteitiva, Boyaca	1308646	6	374	5.91102	-72.80926
Betekom	Provincie Vlaams-Brabant, Flanders	3948218	9	4873	50.98683	4.78185
Betelu	Provincia de Navarra, Navarre	348082	8	338	43.02555	-1.98029
Betera	Provincia de Valencia, Valencia	346690	8	20740	39.59111	-0.46151
Beteta	Provincia de Cuenca, Castille-La Mancha	343576	8	402	40.57191	-2.07588
Beteza	Bekily District, Androy	7128535	8	7000	-24.45	45.11667
Bethalto	Madison County, Illinois	126625	8	9349	38.90921	-90.04066
Bethany	Brooke County, West Virginia	239862	8	1029	40.20563	-80.55674
Bethany	Harrison County, Missouri	140721	8	3149	40.26833	-94.02829
Bethany	Moultrie County, Illinois	127070	8	1322	39.64559	-88.73813
Bethany	Oklahoma County, Oklahoma	184312	8	19589	35.51867	-97.63226
Bethany Beach	Sussex County, Delaware	374328	8	1170	38.53956	-75.05518
Bethausen	Comuna Bethausen, Timis	13943286	8	3012	45.83306	21.95278
Bethel	Clermont County, Ohio	182738	8	2771	38.96368	-84.08077
Bethel	Fairfield County, Connecticut	11052092	8	9549	41.37121	-73.41401
Bethel	Oxford County, Maine	12165784	8	2507	44.40423	-70.79062
Bethel	Pitt County, North Carolina	179987	8	1620	35.8071	-77.37886
Bethel Acres	Pottawatomie County, Oklahoma	183979	8	3101	35.30868	-97.02558
Bethel Heights	Benton County, Arkansas	8527202	10	2490	36.21424	-94.12937
Bethel Park	Allegheny County, Pennsylvania	187413	8	32118	40.32757	-80.0395
Betheln	Lower Saxony	1168900	9	1093	52.11431	9.79397
Bethencourt-sur-Mer	Somme, Hauts-de-France	1243759	8	1020	50.07756	1.50348
Betheny	Marne, Grand Est	418697	8	6002	49.28498	4.05495
Bethesda	Belmont County, Ohio	182855	8	1245	40.01618	-81.0726
Bethesda	Gwynedd, Wales	297318	10	4735	53.1815	-4.05828
Bethisy-Saint-Martin	Oise, Hauts-de-France	1083330	8	1184	49.2948	2.81743
Bethisy-Saint-Pierre	Oise, Hauts-de-France	1084089	8	3272	49.30482	2.79636
Bethlehem	Alexander County, North Carolina	177396	8	4214	35.82569	-81.30703
Bethlehem	Bethlehem, West Bank	6759715	8	29019	31.70487	35.20376
Bethlehem	Northampton County, Pennsylvania	188220	8	74892	40.62593	-75.37046
Bethlehem	Ohio County, West Virginia	238657	8	2425	40.04396	-80.69064
Bethoncourt	Doubs, Bourgogne-Franche-Comte	122868	8	7182	47.53512	6.80504
Bethpage	Nassau County, New York	14292431	8	16429	40.74427	-73.48207
Bethune	Pas-de-Calais, Hauts-de-France	1016146	8	31568	50.52965	2.64003
Bethune	Pas-de-Calais, Hauts-de-France	1648454	7	31568	50.52965	2.64003
Betim	Betim, Minas Gerais	368812	8	384000	-19.96778	-44.19833
Betley	Staffordshire, England	6896784	10	1033	53.03439	-2.36865
Betschdorf	Bas-Rhin, Grand Est	1130964	8	3961	48.89825	7.90196
Bettancourt-la-Ferree	Haute-Marne, Grand Est	185879	8	2033	48.64898	4.96971
Bettembourg	Bettembourg, Esch-sur-Alzette	407896	8	7437	49.51861	6.10278
Bettendorf	Bettendorf, Diekirch	1113664	8	1072	49.87667	6.21806
Bettendorf	Scott County, Iowa	129015	8	35505	41.52448	-90.51569
Bettiah	Pashchim Champaran, Bihar	10248537	6	127008	26.80229	84.50311
Bettingen	Basel-Stadt, Basel-City	1683623	8	1189	47.57039	7.66425
Bettingen	Rheinland-Pfalz	1152679	8	1013	49.94211	6.4016
Bettlach	Bezirk Lebern, Solothurn	1683481	8	4834	47.20062	7.42405
Bettola	Provincia di Piacenza, Emilia-Romagna	43556	8	3187	44.77826	9.60857
Betton	Ille-et-Vilaine, Brittany	107907	8	9343	48.1827	-1.6448
Bettona	Provincia di Perugia, Umbria	42247	8	615	43.01124	12.48698
Betulia	Betulia, Antioquia	1350540	6	15097	6.11284	-75.98378
Betulia	Betulia, Santander	1343728	6	1716	6.90069	-73.28347
Betws-y-Coed	Conwy, Wales	297233	10	1200	53.09382	-3.80668
Betxi	Provincia de Castello, Valencia	344585	8	5902	39.93333	-0.2
Betz	Oise, Hauts-de-France	442738	8	1014	49.15558	2.95584
Betzdorf	Betzdorf, Grevenmacher	532142	8	248	49.68333	6.35
Betzdorf	Rheinland-Pfalz	422315	8	10560	50.79094	7.87189
Betzendorf	Lower Saxony	1383378	8	1141	53.1375	10.31273
Betzigau	Swabia, Bavaria	957714	8	2848	47.73333	10.38333
Beuca	Comuna Beuca, Teleorman	13799396	8	1529	44.252	24.96637
Beuda	Provincia de Girona, Catalonia	348892	8	77	42.23722	2.70942
Beuern	Regierungsbezirk Giessen, Hesse	13764014	9	2250	50.62745	8.82108
Beulah	Benzie County, Michigan	134902	8	341	44.63194	-86.09092
Beulah	Mercer County, North Dakota	181707	8	3393	47.26334	-101.77795
Beulah Park	Burnside, South Australia	9099715	9	1567	-34.91768	138.64522
Beulaville	Duplin County, North Carolina	179766	8	1330	34.92378	-77.77387
Beuningen	Gemeente Beuningen, Gelderland	2728491	10	25557	51.86083	5.76667
Beuningen	Gemeente Beuningen, Gelderland	418421	8	25557	51.86083	5.76667
Beura	Provincia Verbano-Cusio-Ossola, Piedmont	46765	8	745	46.07964	8.29826
Beure	Doubs, Bourgogne-Franche-Comte	106941	8	1430	47.2069	6.00548
Beuren	Regierungsbezirk Stuttgart, Baden-Wurttemberg	2795771	8	3492	48.56927	9.40406
Beusichem	Gemeente Buren, Gelderland	273048	10	2750	51.95	5.29167
Beutelsbach	Lower Bavaria, Bavaria	958112	8	1088	48.55	13.11667
Beuvillers	Calvados, Normandy	145809	8	1130	49.12961	0.25492
Beuvrages	North, Hauts-de-France	53403	8	7834	50.38414	3.4942
Beuvry	Pas-de-Calais, Hauts-de-France	1141528	8	9052	50.51674	2.68541
Beuzec-Cap-Sizun	Finistere, Brittany	297259	8	1097	48.07556	-4.51189
Beuzet	Province de Namur, Wallonia	3521527	9	1340	50.53364	4.7452
Beuzeville	Eure, Normandy	542790	8	3257	49.34483	0.34254
Beuzeville-la-Grenier	Seine-Maritime, Normandy	143149	8	1067	49.59157	0.42684
Bevagna	Provincia di Perugia, Umbria	42240	8	2705	42.93748	12.61488
Bevaix	Boudry District, Neuchatel	1685452	9	3866	46.92958	6.8147
Bevel	Provincie Antwerpen, Flanders	3530729	9	2221	51.13783	4.68026
Bever	Provincie Vlaams-Brabant, Flanders	1204549	8	2159	50.71635	3.94117
Bevere	Provincie Oost-Vlaanderen, Flanders	9366888	9	15311	50.8496	3.5873
Beveren	Provincie Oost-Vlaanderen, Flanders	3372862	9	45179	51.21187	4.25633
Beveren	Provincie Oost-Vlaanderen, Flanders	391751	8	45179	51.21187	4.25633
Beveren-Leie	Provincie West-Vlaanderen, Flanders	961114	9	5331	50.87538	3.34034
Beveridge	Mitchell, Victoria	2410777	9	4642	-37.48333	144.98333
Beverino	Provincia di La Spezia, Liguria	42912	8	50	44.19766	9.78537
Beverley	Beverley, Western Australia	11690522	9	1115	-32.10839	116.92736
Beverley	Charles Sturt, South Australia	8362017	9	1476	-34.89512	138.54633
Beverley	East Riding of Yorkshire, England	919263	10	30587	53.84587	-0.42332
Beverley Park	Georges River, New South Wales	5661739	9	2430	-33.97707	151.13437
Beverlo	Provincie Limburg, Flanders	3930001	9	8681	51.08646	5.21855
Beverly	Burlington County, New Jersey	170925	8	2559	40.06539	-74.91906
Beverly	Essex County, Massachusetts	2375462	8	41186	42.55843	-70.88005
Beverly	Washington County, Ohio	182964	8	1308	39.54785	-81.63957
Beverly Hills	Georges River, New South Wales	5675951	9	10090	-33.94799	151.07979
Beverly Hills	Los Angeles County, California	3503615	8	34869	34.07362	-118.40036
Beverly Hills	McLennan County, Texas	6584697	8	2033	31.52156	-97.15389
Beverly Hills	Oakland County, Michigan	134534	8	10267	42.52392	-83.22326
Bevern	Lower Saxony	1184658	8	4363	51.85826	9.49408
Beverst	Provincie Limburg, Flanders	10507940	9	5483	50.89091	5.47548
Beverstedt	Lower Saxony	1528302	9	4423	53.43413	8.81915
Beverstedt	Lower Saxony	2012142	8	4423	53.43413	8.81915
Beverungen	Regierungsbezirk Detmold, North Rhine-Westphalia	148589	8	15266	51.66801	9.37417
Beverungen	Regierungsbezirk Detmold, North Rhine-Westphalia	6521678	10	15266	51.66801	9.37417
Beverwijk	Gemeente Beverwijk, North Holland	1373057	10	37585	52.48333	4.65694
Beverwijk	Gemeente Beverwijk, North Holland	47577	8	37585	52.48333	4.65694
Bevil Oaks	Jefferson County, Texas	6605098	8	1245	30.15021	-94.26963
Bevilacqua	Provincia di Verona, Veneto	44424	8	1066	45.23249	11.39496
Bevilard	Jura bernois, Bern	1682402	9	1736	47.23711	7.28325
Beville-le-Comte	Eure-et-Loir, Centre	1857489	8	1388	48.43558	1.71305
Bewdley	Worcestershire, England	1875144	10	8571	52.3757	-2.31833
Bex	Aigle District, Vaud	1684852	8	5956	46.24965	7.0098
Bexbach	Saarland	1184820	8	19115	49.34615	7.25527
Bexbach	Saarland	6643868	9	19115	49.34615	7.25527
Bexhill-on-Sea	East Sussex, England	12710197	10	40478	50.85023	0.47095
Bexley	City of Rockdale, New South Wales	5696589	9	19664	-33.95	151.11667
Bexley	Franklin County, Ohio	182497	8	13654	39.96895	-82.93768
Bexley	Greater London, England	51903	8	228000	51.44162	0.14866
Bexley North	City of Rockdale, New South Wales	5677553	9	4075	-33.93848	151.11385
Beyagac	Denizli	1606209	6	0	37.23526	28.89612
Beychac	Gironde, Nouvelle-Aquitaine	530302	8	1926	44.87747	-0.40277
Beylikduezue	Istanbul	1766100	6	122452	40.982	28.6399
Beylikova	Eskisehir	1238933	6	5131	39.68694	31.20556
Beynat	Correze, Nouvelle-Aquitaine	120554	8	1233	45.12444	1.72323
Beyne-Heusay	Province de Liege, Wallonia	2437273	8	11608	50.62251	5.66508
Beynes	Yvelines, Ile-de-France	75522	8	7914	48.85626	1.87261
Beynost	Ain, Auvergne-Rhone-Alpes	149565	8	4182	45.83569	4.9991
Beypazari	Ankara	1738278	6	38769	40.1675	31.92111
Bezannes	Marne, Grand Est	108622	8	1286	49.22339	3.98892
Bezares	Provincia de La Rioja, La Rioja	344312	8	0	42.37036	-2.67076
Bezas	Provincia de Teruel, Aragon	340830	8	78	40.33076	-1.32511
Bezdead	Comuna Bezdead, Dambovita	13855203	8	5067	45.15	25.51667
Bezdruzice	Okres Tachov, Plzensky kraj	423443	10	1004	49.90724	12.9711
Bezdruzice	Okres Tachov, Plzensky kraj	438870	8	1004	49.90724	12.9711
Bezerros	Bezerros, Pernambuco	303649	8	51436	-8.23333	-35.79694
Bezerros	Bezerros, Pernambuco	6194992	9	51436	-8.23333	-35.79694
Beziers	Herault, Occitanie	1687204	7	74081	43.34122	3.21402
Beziers	Herault, Occitanie	70070	8	74081	43.34122	3.21402
Bezimenne	Donetsk Oblast	3946966	9	2638	47.10724	37.93966
Bezliudivka	Kharkiv	2395937	8	9296	49.87547	36.26539
Bezons	Val d'Oise, Ile-de-France	103270	8	27570	48.92426	2.2128
Bezouce	Gard, Occitanie	379586	8	2116	43.8819	4.49034
Bezu-Saint-Eloi	Eure, Normandy	1606296	8	1225	49.29524	1.70404
