Bu	Eure-et-Loir, Centre	71411	8	1790	48.79705	1.49702
Bu Dop	Binh Phuoc	7090617	6	0	11.95486	106.80018
Buawan	Soccsksargen	9245292	10	2120	8.31667	124.30306
Bubanza	Bubanza	1700314	4	12728	-3.0804	29.391
Bubbiano	Citta metropolitana di Milano, Lombardy	44723	8	2190	45.32727	9.01455
Bubbio	Provincia di Asti, Piedmont	43404	8	499	44.66344	8.29514
Bubendorf	Bezirk Liestal, Basel-Landschaft	1683632	8	4543	47.44586	7.73759
Bubenreuth	Regierungsbezirk Mittelfranken, Bavaria	1016513	8	4516	49.62745	11.01723
Buberos	Provincia de Soria, Castille and Leon	346089	8	43	41.64692	-2.19406
Bubesheim	Swabia, Bavaria	964471	8	1414	48.43333	10.25
Bubierca	Provincia de Zaragoza, Aragon	342301	8	91	41.31482	-1.85386
Bubikon	Bezirk Hinwil, Zurich	1682095	8	2052	47.26698	8.8179
Bubion	Provincia de Granada, Andalusia	347441	8	0	36.949	-3.35615
Bubq	Rrethi i Krujes, Durres	1249883	8	0	41.47417	19.65167
Bubry	Morbihan, Brittany	124284	8	2523	47.96345	-3.17347
Bubsheim	Freiburg Region, Baden-Wurttemberg	1231953	8	1030	48.11667	8.83333
Bubullime	Rrethi i Lushnjes, Fier	1251488	8	0	40.81806	19.64083
Bubwith	East Riding of Yorkshire, England	572513	10	954	53.81905	-0.91968
Buc	Yvelines, Ile-de-France	27632	8	6120	48.77627	2.12577
Buca	Izmir	1269254	6	0	38.3983	27.16662
Bucak	Burdur	1280042	6	29234	37.45917	30.595
Bucaramanga	Bucaramanga, Santander	1423498	6	581130	7.12539	-73.1198
Bucarasica	Bucarasica, Norte de Santander	11910119	6	783	8.04096	-72.86538
Bucasia	Mackay, Queensland	11676644	9	4616	-21.03494	149.15726
Bucca	Bundaberg, Queensland	5421058	9	1005	-24.86667	152.1
Buccan	Logan, Queensland	11677845	9	1764	-27.75	153.13333
Buccheri	Provincia di Siracusa, Sicily	39193	8	1860	37.12494	14.85222
Bucchianico	Provincia di Chieti, Abruzzo	41921	8	1702	42.30368	14.18377
Bucciano	Provincia di Benevento, Campania	41083	8	1503	41.07756	14.56898
Buccinasco	Citta metropolitana di Milano, Lombardy	44931	8	79	45.40703	9.1083
Buccino	Provincia di Salerno, Campania	40619	8	2686	40.6367	15.38116
Bucecea	Comuna Bucecea, Botosani	10772261	8	5143	47.76667	26.43333
Bucelas	Loures, Lisbon	6521222	8	4614	38.90193	-9.11885
Buch	Berlin	408306	10	12674	52.6347	13.49679
Buch	Swabia, Bavaria	941086	8	3709	48.22479	10.18055
Buch am Buchrain	Upper Bavaria, Bavaria	934745	8	1355	48.2151	11.99509
Bucha	Kiev	2265598	9	42279	50.54345	30.21201
Bucha	Thuringia	2778360	8	1211	50.88203	11.50933
Bucha	Thuringia	2933397	10	1211	50.88203	11.50933
Buchach	Ternopil Oblast	2697563	9	12414	49.06234	25.39496
Buchanan	Berrien County, Michigan	135069	8	4362	41.82727	-86.36112
Buchanan	Botetourt County, Virginia	206957	8	1178	37.52736	-79.67976
Buchanan	Haralson County, Georgia	119977	8	1156	33.8026	-85.18856
Buchardo	Departamento de General Roca, Cordoba	5223288	8	1756	-34.72263	-63.5092
Buchbach	Upper Bavaria, Bavaria	940862	8	3128	48.31231	12.27343
Buchbrunn	Regierungsbezirk Unterfranken, Bavaria	283562	8	1061	49.75981	10.13686
Buchdorf	Swabia, Bavaria	962385	8	1619	48.78333	10.83333
Buchelay	Yvelines, Ile-de-France	555800	8	2325	48.97926	1.67026
Buchen	Schleswig-Holstein	1476083	8	5442	53.48008	10.6176
Buchen	Schleswig-Holstein	1541876	7	5442	53.48008	10.6176
Buchenbach	Freiburg Region, Baden-Wurttemberg	308237	8	3364	47.96138	8.00909
Buchenbach	Regierungsbezirk Mittelfranken, Bavaria	158250	8	5255	49.26778	11.05889
Buchenberg	Swabia, Bavaria	957769	8	3898	47.69593	10.23927
Bucheon-si	Gyeonggi-do	2409162	6	850731	37.49889	126.78306
Bucheres	Aube, Grand Est	181135	8	1375	48.23508	4.1131
Buchforst	Regierungsbezirk Koeln, North Rhine-Westphalia	2613720	10	7177	50.95093	7.00579
Buchheim	Regierungsbezirk Koeln, North Rhine-Westphalia	2613721	10	12840	50.95152	7.02093
Buchholterberg	Thun District, Bern	1682396	8	1498	46.81351	7.67463
Buchholz	Schleswig-Holstein	943942	8	1128	53.98829	9.22362
Buchholz in der Nordheide	Lower Saxony	111406	8	37404	53.32641	9.86812
Buchin	Comuna Buchin, Caras-Severin	13881647	8	2073	45.36667	22.25
Buchkirchen	Wels-Land, Upper Austria	64807	8	700	48.22427	14.02242
Buchloe	Swabia, Bavaria	2616230	7	11978	48.03719	10.72548
Buchloe	Swabia, Bavaria	442789	8	11978	48.03719	10.72548
Buchlovice	Okres Uherske Hradiste, Zlin	428680	10	2487	49.08627	17.33852
Buchlovice	Okres Uherske Hradiste, Zlin	437512	8	2487	49.08627	17.33852
Buchrain	Lucerne-Land District, Lucerne	1682819	8	5341	47.09625	8.34729
Buchs	Bezirk Aarau, Aargau	1684283	8	6599	47.39358	8.08233
Buchten	Gemeente Sittard-Geleen, Limburg	1421973	10	2015	51.04333	5.80972
Buchy	Seine-Maritime, Normandy	3012290	9	1267	49.58513	1.35852
Buchy	Seine-Maritime, Normandy	6838453	8	1267	49.58513	1.35852
Buciegas	Provincia de Cuenca, Castille-La Mancha	344734	8	62	40.33622	-2.4625
Bucimas	Rrethi i Pogradecit, Korce	1252575	8	0	40.89139	20.68139
Bucin	Krushevo	6441113	8	1243	41.27377	21.31692
Bucine	Province of Arezzo, Tuscany	42422	8	2572	43.47685	11.61399
Buciumeni	Comuna Buciumeni, Dambovita	13855201	8	4604	45.15	25.45
Buckden	Cambridgeshire, England	1629225	10	2677	52.29415	-0.24912
Buckenhof	Regierungsbezirk Mittelfranken, Bavaria	1016514	8	3296	49.59324	11.05044
Buckeye Lake	Licking County, Ohio	182137	8	2760	39.93368	-82.47238
Buckfastleigh	Devon, England	3500551	10	3631	50.48132	-3.77913
Buckfield	Oxford County, Maine	12181043	8	1791	44.28951	-70.36534
Buckhannon	Upshur County, West Virginia	240006	8	5657	38.99399	-80.23203
Buckhurst Hill	Essex, England	3188387	10	10738	51.62409	0.03262
Buckingham	Buckinghamshire, England	3836569	10	12890	51.99968	-0.98779
Buckingham	Outaouais, Quebec	5379615	9	16685	45.58563	-75.4208
Buckland	Franklin County, Massachusetts	1839621	8	2026	42.59231	-72.79176
Buckley	County of Flintshire, Wales	11276351	10	63576	53.16667	-3.08333
Buckley	Pierce County, Washington	237676	8	4550	47.16316	-122.02678
Bucknell	Shropshire, England	6811031	10	717	52.35997	-2.95066
Buckner	Jackson County, Missouri	141594	8	3067	39.13251	-94.19856
Buckner	Oldham County, Kentucky	130546	8	5837	38.38368	-85.43996
Buckow	Berlin	162573	10	40146	52.432	13.46018
Buckow	Brandenburg	1332899	8	1619	52.5661	14.07429
Bucksport	Hancock County, Maine	12203904	8	2885	44.57369	-68.79559
Bucov	Comuna Bucov, Prahova	12821264	8	10279	44.96667	26.08333
Bucovat	Comuna Bucova, Timis	11322078	8	1058	45.75569	21.38324
Bucovice	Okres Vyskov, South Moravian	432988	10	6386	49.14896	17.00191
Bucovice	Okres Vyskov, South Moravian	440734	8	6386	49.14896	17.00191
Bucquoy	Pas-de-Calais, Hauts-de-France	1145269	8	1297	50.13973	2.71036
Bucsa	Bekes County	1026191	8	2479	47.2	21
Buctzotz	Buctzotz, Yucatan	5961445	6	7515	21.20256	-88.79412
Buctzotz	Buctzotz, Yucatan	6421066	8	7515	21.20256	-88.79412
Bucu	Comuna Bucu, Ialomita	13833795	8	5232	44.60532	27.49337
Bucy-le-Long	Aisne, Hauts-de-France	73986	8	1996	49.39072	3.39582
Bucyrus	Crawford County, Ohio	182583	8	11916	40.80839	-82.97546
Buczkowice	Powiat Bielski, Silesia	3997166	8	4102	49.72858	19.06908
Buda	Hays County, Texas	6586487	8	13705	30.08521	-97.84028
Buda-Kashalyova	Gomel Oblast	5598431	8	0	52.7179	30.5701
Budacu de Jos	Comuna Budacu de Jos, Bistrita-Nasaud	14327654	8	2866	47.08333	24.51667
Budaka	Budaka District, Eastern Region	3498159	4	0	1.00389	33.92556
Budakalasz	Pest	216158	8	1003	47.61667	19.05
Budakeszi	Pest	113473	8	14330	47.51083	18.92717
Budaors	Pest	113463	8	25089	47.46181	18.95845
Budapest	Budapest	1244004	8	1741041	47.49835	19.04045
Budapest	Budapest	37244	6	1741041	47.49835	19.04045
Budapest VI. keruelet	Budapest VI., Budapest	3229919	10	42120	47.50369	19.06583
Budasevo	Grad Sisak, Sisacko-Moslavacka	12251421	8	1664	45.47472	16.43667
Budaun	Budaun, Uttar Pradesh	10012225	6	161555	28.03811	79.12668
Buddh Gaya	Gaya, Bihar	10277989	6	35188	24.69808	84.9869
Buddina	Sunshine Coast, Queensland	11675229	9	3795	-26.69565	153.13302
Bude	Franklin County, Mississippi	6404321	8	1012	31.46295	-90.8501
Budeasa	Comuna Budeasa, Arges	13137424	8	0	45.01667	24.85
Budel	Gemeente Cranendonck, North Brabant	2181699	10	7895	51.27167	5.575
Budel-Dorplein	Gemeente Cranendonck, North Brabant	2181700	10	1540	51.23667	5.5875
Budel-Schoot	Gemeente Cranendonck, North Brabant	2181701	10	1860	51.2475	5.56528
Budenheim	Rheinland-Pfalz	660348	8	8598	50.01667	8.16667
Buderim	Sunshine Coast, Queensland	11675215	9	28774	-26.68443	153.05705
Budestecy	Saxony	2982878	7	3116	51.12083	14.44065
Budgewoi	Central Coast, New South Wales	6034699	9	3303	-33.2339	151.55412
Budhana	Muzaffarnagar, Uttar Pradesh	10004205	6	35442	29.28805	77.47534
Budia	Provincia de Guadalajara, Castille-La Mancha	341305	8	271	40.62734	-2.75846
Budila	Comuna Budila, Brasov	10514881	8	3405	45.66667	25.8
Budingen	Provincie Vlaams-Brabant, Flanders	4666490	9	2569	50.86509	5.09847
Budisov	Okres Trebic, Vysocina	428809	10	1168	49.27138	16.00383
Budisov	Okres Trebic, Vysocina	442139	8	1168	49.27138	16.00383
Budisov nad Budisovkou	Okres Opava, Moravskoslezsky	428127	10	3159	49.79511	17.62969
Budisov nad Budisovkou	Okres Opava, Moravskoslezsky	437588	8	3159	49.79511	17.62969
Budleigh Salterton	Devon, England	3351139	10	5185	50.62983	-3.32181
Budoia	Pordenone, Friuli Venezia Giulia	179172	8	2449	46.04453	12.53429
Budrio	Bologna, Emilia-Romagna	43234	8	8941	44.53745	11.53439
Budrovci	Grad GJakovo, Osjecko-Baranjska	12754738	8	1260	45.27111	18.44861
Bududa	Bududa District, Eastern Region	3501974	4	0	1.01118	34.33112
Buduran	East Java	9680044	6	48152	-7.4281	112.7234
Budureasa	Comuna Budureasa, Bihor	13020374	8	2622	46.67403	22.5006
Budy	Kharkiv	10615296	8	6742	49.89133	36.02096
Budyne nad Ohri	Okres Litomerice, Ustecky kraj	427180	10	1964	50.40427	14.12591
Budyne nad Ohri	Okres Litomerice, Ustecky kraj	439626	8	1964	50.40427	14.12591
Budzow	Powiat suski, Lesser Poland	3558496	8	2400	49.77622	19.67274
Budzow	Powiat zabkowicki, Lower Silesia	6407585	8	1100	50.59337	16.71038
Budzyn	Powiat chodzieski, Greater Poland	12120053	8	4861	52.88954	16.98812
Buea	South-West	3834929	8	47300	4.15342	9.24231
Buechel	Rheinland-Pfalz	1269803	8	1143	50.17289	7.08318
Buechenbeuren	Rheinland-Pfalz	961102	8	1647	49.92097	7.27999
Buechlberg	Lower Bavaria, Bavaria	958123	8	3984	48.67112	13.521
Bueckeburg	Lower Saxony	1169355	8	19351	52.26065	9.04939
Buecken	Lower Saxony	1183271	8	2238	52.77876	9.13371
Buecken	Lower Saxony	3906248	10	2238	52.77876	9.13371
Bued	Province of Pangasinan, Ilocos	12907795	10	2471	16.16086	119.9988
Bueddenstedt	Lower Saxony	7367666	9	3051	52.17035	11.01877
Buedelsdorf	Schleswig-Holstein	548571	8	10144	54.31844	9.67295
Buedingen	Regierungsbezirk Darmstadt, Hesse	29939	9	21579	50.29013	9.1114
Buedingen	Regierungsbezirk Darmstadt, Hesse	55158	8	21579	50.29013	9.1114
Bueil	Eure, Normandy	74797	8	1480	48.93189	1.44257
Buekkoesd	Baranya	575124	8	1132	46.10751	17.9882
Buellas	Ain, Auvergne-Rhone-Alpes	140123	8	1594	46.2111	5.1322
Buena	Atlantic County, New Jersey	170331	8	4603	39.51373	-74.92462
Buena	Provincia de Teruel, Aragon	346051	8	73	40.70881	-1.26742
Buena Esperanza	Departamento de Gobernador Vicente Dupuy, San Luis	12098428	8	2531	-34.75647	-65.25379
Buena Park	Orange County, California	2312654	8	83270	33.86751	-117.99812
Buena Vista	Ancones Barrio, Arroyo	4468391	9	2026	17.99635	-66.05183
Buena Vista	Buena Vista, Caazapa	11002306	8	1580	-26.18705	-56.08334
Buena Vista	Buena Vista, Caazapa	2263837	7	1580	-26.18705	-56.08334
Buena Vista	Chaffee County, Colorado	8676600	8	2760	38.84222	-106.13113
Buena Vista	City of Buena Vista, Virginia	206856	6	6618	37.7343	-79.35392
Buena Vista	Distrito de Colon, Colon	11852080	8	4077	9.27389	-79.6958
Buena Vista	Marion County, Georgia	119522	8	2206	32.31904	-84.51714
Buenache de Alarcon	Provincia de Cuenca, Castille-La Mancha	344733	8	632	39.65	-2.16667
Buenamadre	Provincia de Salamanca, Castille and Leon	345842	8	152	40.85705	-6.24987
Buenaventura	Province of Toledo, Castille-La Mancha	341181	8	500	40.17705	-4.85003
Buenavista	Buenavista, Boyaca	1422329	6	0	5.51377	-73.94913
Buenavista	Buenavista, Cordoba	1324945	6	0	8.22245	-75.48173
Buenavista	Buenavista, Quindio	1347532	6	2084	4.35969	-75.73888
Buenavista	Buenavista, Sucre	1324941	6	0	9.31939	-74.97358
Buenavista	Province of Guimaras, Western Visayas	3512049	6	4087	10.70111	122.6275
Buenavista	Province of Marinduque, Mimaropa	3591842	6	2743	13.25511	121.94149
Buenavista	Provincia de Salamanca, Castille and Leon	340913	8	157	40.76763	-5.61139
Buenavista	Queretaro	4063396	8	4115	20.82372	-100.47009
Buenavista Tomatlan	Buenavista, Michoacan	5605596	6	10390	19.21281	-102.58735
Buenavista de Cuellar	Buenavista de Cuellar, Guerrero	5605595	6	7131	18.45958	-99.40868
Buenavista de Valdavia	Provincia de Palencia, Castille and Leon	345616	8	431	42.63788	-4.61446
Buenavista del Norte	Provincia de Santa Cruz de Tenerife, Canary Islands	340398	8	5231	28.37458	-16.86098
Buende	Regierungsbezirk Detmold, North Rhine-Westphalia	147447	8	45376	52.19837	8.58644
Buendia	Provincia de Cuenca, Castille-La Mancha	348868	8	474	40.36643	-2.75645
Bueno Brandao	Bueno Brandao, Minas Gerais	314742	8	5777	-22.44083	-46.35083
Bueno Brandao	Bueno Brandao, Minas Gerais	6482568	9	5777	-22.44083	-46.35083
Buenos Aires	Buenos Aires F.D.	1224652	8	13076300	-34.61315	-58.37723
Buenos Aires	Buenos Aires F.D.	3082668	4	13076300	-34.61315	-58.37723
Buenos Aires	Buenos Aires, Cauca	1717031	6	2144	3.01397	-76.64612
Buenos Aires	Buenos Aires, Puntarenas	6271587	8	11680	9.17298	-83.33277
Buenos Aires	Morropon, Piura	1986171	8	7932	-5.26083	-79.96417
Buenos Aires	Picota, San Martin	1971681	8	780	-6.79415	-76.32706
Buenzen	Bezirk Muri, Aargau	1684289	8	0	47.30977	8.32384
Buerarema	Buerarema, Bahia	362518	8	16001	-14.95944	-39.29972
Buerarema	Buerarema, Bahia	6618335	9	16001	-14.95944	-39.29972
Bueren	Regierungsbezirk Detmold, North Rhine-Westphalia	146479	8	22263	51.55109	8.55956
Bueren	Regierungsbezirk Detmold, North Rhine-Westphalia	5613334	10	22263	51.55109	8.55956
Buergel	Thuringia	2778361	8	3351	50.94217	11.75635
Buergel	Thuringia	2906836	7	3351	50.94217	11.75635
Buermoos	Politischer Bezirk Salzburg-Umgebung, Salzburg	86551	8	4899	47.98343	12.91786
Bueron	Sursee District, Lucerne	1682821	8	1951	47.21192	8.0942
Buerstadt	Regierungsbezirk Darmstadt, Hesse	537049	8	15348	49.64266	8.45936
Buesaco	Buesaco, Narino	1454259	6	19951	1.38364	-77.15622
Buesti	Comuna Buesti, Ialomita	13834084	8	1220	44.54473	27.18729
Buetschwil	Wahlkreis Toggenburg, Saint Gallen	1683871	10	3393	47.36022	9.07213
Buettstedt	Thuringia	2515188	8	1012	51.25972	10.30636
Buetzow	Mecklenburg-Vorpommern	1959687	8	8146	53.84832	11.98256
Bueu	Provincia de Pontevedra, Galicia	12672318	9	12331	42.32458	-8.78497
Bueu	Provincia de Pontevedra, Galicia	12672319	9	12331	42.32458	-8.78497
Bueu	Provincia de Pontevedra, Galicia	346567	8	12331	42.32458	-8.78497
Buey Arriba	Granma	5915222	6	0	20.17182	-76.75659
Bufali	Provincia de Valencia, Valencia	347020	8	199	38.86775	-0.51617
Buff Point	Central Coast, New South Wales	6036115	9	3405	-33.22285	151.53125
Buffalo	Dallas County, Missouri	141791	8	3040	37.64393	-93.09241
Buffalo	Erie County, New York	175031	7	258071	42.88645	-78.87837
Buffalo	Harding County, South Dakota	195143	8	345	45.58416	-103.54603
Buffalo	Harper County, Oklahoma	184812	8	1311	36.83559	-99.6304
Buffalo	Johnson County, Wyoming	252241	8	4632	44.34831	-106.69894
Buffalo	Leon County, Texas	6603568	8	1887	31.46379	-96.05802
Buffalo	Putnam County, West Virginia	239943	8	1253	38.61759	-81.9818
Buffalo	Scott County, Iowa	129014	8	1299	41.45642	-90.72347
Buffalo	Union County, South Carolina	194740	8	1266	34.72569	-81.68343
Buffalo	Wright County, Minnesota	137858	8	16026	45.17191	-93.87469
Buffalo Grove	Cook County, Illinois	125650	8	41496	42.15141	-87.95979
Bufleben	Thuringia	2818242	9	1081	51	10.73333
Buford	Gwinnett County, Georgia	119737	8	13748	34.12066	-84.00435
Buftea	Comuna Buftea, Ilfov	9851026	8	20691	44.56139	25.94889
Bugac	Bacs-Kiskun	1130399	8	3066	46.68704	19.68074
Bugai	Taurage, Taurage County	3153542	8	1976	55.41387	22.60894
Bugalagrande	Bugalagrande, Valle del Cauca	1462480	6	12418	4.21207	-76.15564
Bugarra	Provincia de Valencia, Valencia	346692	8	860	39.61667	-0.76667
Bugasong	Province of Antique, Western Visayas	3279593	6	2828	11.04464	122.06463
Bugbrooke	Northamptonshire, England	65727	10	2692	52.21006	-1.01304
Bugeat	Correze, Nouvelle-Aquitaine	2930732	8	1014	45.59809	1.92727
Bugedo	Provincia de Burgos, Castille and Leon	344172	8	150	42.64912	-3.01786
Buger	Illes Balears, Balearic Islands	347547	8	1016	39.75809	2.98349
Buggenhout	Provincie Oost-Vlaanderen, Flanders	391146	8	13510	51.0159	4.20173
Buggenhout	Provincie Oost-Vlaanderen, Flanders	3964063	9	13510	51.0159	4.20173
Buggingen	Freiburg Region, Baden-Wurttemberg	271661	8	3816	47.8475	7.63799
Bughea de Jos	Comuna Bughea de Jos, Arges	13137475	8	2988	45.26667	25
Bughea de Sus	Comuna Bughea de Sus, Arges	13137476	8	2849	45.29812	25.03284
Bugho	Province of Leyte, Eastern Visayas	5426231	6	2948	10.7921	124.9364
Bugiri	Namayingo District, Eastern Region	3498135	4	22500	0.57139	33.74167
Buglio in Monte	Provincia di Sondrio, Lombardy	46967	8	720	46.18336	9.67542
Bugnara	Provincia dell' Aquila, Abruzzo	41683	8	776	42.02383	13.86141
Bugojno	Srednjobosanski Kanton, Federation of B&H	9234976	9	41378	44.05722	17.45083
Bugthorpe	East Riding of Yorkshire, England	572642	10	0	54.01082	-0.8226
Buguda	Ganjam, Odisha	10115635	6	14297	19.80806	84.79084
Buguggiate	Provincia di Varese, Lombardy	46073	8	3092	45.78227	8.81063
Bugyi	Pest	214780	8	5412	47.22748	19.14664
Buharkent	Aydin	1246169	6	7723	37.96397	28.7427
Buhl	Haut-Rhin, Grand Est	78944	8	3223	47.92806	7.18719
Buhl	Karlsruhe Region, Baden-Wurttemberg	1188919	8	29193	48.69676	8.13523
Buhl	Karlsruhe Region, Baden-Wurttemberg	6341600	9	29193	48.69676	8.13523
Buhl	Karlsruhe Region, Baden-Wurttemberg	932929	8	29193	48.69676	8.13523
Buhl	Twin Falls County, Idaho	121348	8	4275	42.59907	-114.75949
Buhler	Bezirk Mittelland, Appenzell Ausserrhoden	1683870	8	1612	47.37348	9.42507
Buhler	Reno County, Kansas	129941	8	1332	38.13445	-97.77005
Buhlertal	Karlsruhe Region, Baden-Wurttemberg	1188924	8	8144	48.68569	8.18876
Buhlertann	Regierungsbezirk Stuttgart, Baden-Wurttemberg	391359	8	3123	49.04167	9.90861
Buhlerzell	Regierungsbezirk Stuttgart, Baden-Wurttemberg	391360	8	2044	49.00333	9.92056
Buhoci	Comuna Buhoci, Bacau	14186147	8	4736	46.56667	27.01667
Buhweju	Buhweju District, Western Region	3498031	4	0	-0.35027	30.30029
Buies Creek	Harnett County, North Carolina	180383	8	2942	35.41322	-78.73557
Buikwe	Buikwe District, Central Region	3498102	4	0	0.3375	33.01056
Builth Wells	Sir Powys, Wales	11560724	10	2829	52.1494	-3.40469
Buin	Provincia de Maipo, Santiago Metropolitan	660816	8	55441	-33.73257	-70.74281
Buique	Buique, Pernambuco	303604	8	20324	-8.62306	-37.15583
Buique	Buique, Pernambuco	6199622	9	20324	-8.62306	-37.15583
Buironfosse	Aisne, Hauts-de-France	151081	8	1209	49.96659	3.83587
Buis-les-Baronnies	Drome, Auvergne-Rhone-Alpes	77899	8	2497	44.27647	5.27187
Buissonville	Province de Namur, Wallonia	3715414	9	1086	50.21667	5.2
Buitenpost	Gemeente Achtkarspelen, Friesland	2643590	10	5120	53.25166	6.14483
Buitrago	Provincia de Soria, Castille and Leon	346088	8	55	41.84735	-2.40858
Buitrago del Lozoya	Provincia de Madrid, Madrid	345610	8	1811	40.9909	-3.63365
Buizingen	Provincie Vlaams-Brabant, Flanders	4105503	9	6369	50.74227	4.25278
Buj	Szabolcs-Szatmar-Bereg	1453509	8	2496	48.1	21.65
Bujak	Nograd	1370503	8	2343	47.88352	19.54381
Bujakow	Powiat Bielski, Silesia	3542086	8	2176	49.85182	19.19432
Bujalance	Province of Cordoba, Andalusia	347761	8	7848	37.89556	-4.38074
Bujalaro	Provincia de Guadalajara, Castille-La Mancha	341306	8	80	40.93687	-2.88333
Bujan	Rrethi i Tropojes, Kukes	1248547	8	0	42.32639	20.07639
Bujanovac	Pcinja, Central Serbia	6656122	9	0	42.45917	21.76667
Bujaraloz	Provincia de Zaragoza, Aragon	342300	8	997	41.49806	-0.1529
Bujoreni	Comuna Bujoreni, Teleorman	13799413	8	638	44.11667	25.63333
Bujoreni	Comuna Bujoreni, Valcea	9845414	8	3830	45.13333	24.35
Bujoru	Comuna Bujoru, Teleorman	11544655	8	2018	43.71667	25.56667
Buk	Powiat poznanski, Greater Poland	2863995	8	6102	52.35532	16.51958
Buk	Vas	1131486	8	3174	47.38486	16.75065
Bukachivtsi	Ivano-Frankivsk Oblast	4596388	9	1179	49.25425	24.49559
Bukal	Province of Quezon, Calabarzon	12256892	10	3254	13.9132	121.5264
Bukavu	Bukavu, South Kivu	5327777	6	225389	-2.49077	28.84281
Bukhara	Bukhara	13070474	6	247644	39.77472	64.42861
Bukit Mertajam	S.P. Tengah, Penang	7013106	7	212329	5.36301	100.4667
Bukkuyum	Bukkuyum, Zamfara	3706990	8	0	12.1372	5.46821
Bukoba	Bukoba Municipal, Kagera	13015756	5	70628	-1.33167	31.81222
Bukoba	Bukoba Municipal, Kagera	1600784	5	70628	-1.33167	31.81222
Bukomansimbi	Bukomansimbi District, Central Region	3498083	4	0	-0.15778	31.60417
Bukovany	Okres Sokolov, Karlovarsky kraj	436960	8	1808	50.16632	12.57265
Bukovec	Okres Frydek-Mistek, Moravskoslezsky	437789	8	1364	49.55114	18.82683
Bukovik	Saraj, Grad Skopje	6943852	8	1256	41.97103	21.23905
Bukowina Tatrzanska	Powiat tatrzanski, Lesser Poland	4579489	8	2700	49.34302	20.10807
Bukowno	Powiat olkuski, Lesser Poland	2768320	7	10874	50.26474	19.45962
Bukowno	Powiat olkuski, Lesser Poland	2893589	8	10874	50.26474	19.45962
Bukowsko	Powiat sanocki, Subcarpathia	6304044	8	1700	49.48039	22.06329
Bukwa	Bukwo District, Eastern Region	3501836	4	0	1.25917	34.75389
Bulach	Bezirk Buelach, Zurich	1682100	8	13172	47.52197	8.54049
Bulachani		6965639	8	1033	42.07056	21.50278
Bulahdelah	Mid-Coast, New South Wales	6058933	9	1480	-32.40698	152.21185
Bulandshahr	Bulandshahr, Uttar Pradesh	10002301	6	198612	28.40392	77.85773
Bulandshahr	Bulandshahr, Uttar Pradesh	1958144	5	198612	28.40392	77.85773
Bulawayo	Bulawayo	13877661	6	699385	-20.15	28.58333
Bulbucata	Comuna Bulbucata, Giurgiu	13799786	8	1682	44.28333	25.80333
Bulbuente	Provincia de Zaragoza, Aragon	346514	8	232	41.8197	-1.60238
Bulciago	Provincia di Lecco, Lombardy	45978	8	2846	45.75058	9.28534
Buldan	Denizli	1606204	6	14811	38.045	28.83056
Bulford	Wiltshire, England	5455549	10	9519	51.1893	-1.76009
Bulgan	Bulgan District, Bulgan	7302596	6	17348	48.8125	103.53472
Bulgarograsso	Provincia di Como, Lombardy	45960	8	3794	45.74708	9.00644
Bulgarra	Karratha, Western Australia	11690021	9	3035	-20.72584	116.85673
Bulgneville	Vosges, Grand Est	940029	8	1433	48.20694	5.8343
Bulimba	Brisbane, Queensland	11677757	9	6612	-27.4499	153.05766
Bulkington	Wiltshire, England	5550623	10	285	51.32361	-2.08361
Bull Creek	Melville, Western Australia	11689186	9	7624	-32.05625	115.86242
Bull Shoals	Marion County, Arkansas	6689656	8	1933	36.38396	-92.58155
Bull Valley	McHenry County, Illinois	126046	8	1104	42.32058	-88.35509
Bullaburra	Blue Mountains Municipality, New South Wales	5496208	9	1199	-33.72922	150.41766
Bullange	Province de Liege, Wallonia	2435409	8	5340	50.40731	6.25749
Bullard	Smith County, Texas	113561	8	2832	32.13988	-95.32023
Bullas	Murcia	344230	8	12493	38.04667	-1.67227
Bullay	Rheinland-Pfalz	1269725	8	1531	50.05448	7.1373
Bulle	Gruyere District, Fribourg	1683280	8	12095	46.61797	7.0569
Bulleen	Manningham, Victoria	2381810	9	11219	-37.76667	145.08333
Bullhead City	Mohave County, Arizona	6695742	8	39445	35.14778	-114.5683
Bulli	Wollongong, New South Wales	6076566	9	6025	-34.33834	150.91347
Bullion	Yvelines, Ile-de-France	941121	8	1931	48.62285	1.99024
Bullsbrook	Swan, Western Australia	11689672	9	5102	-31.66905	115.9999
Bully	Rhone, Auvergne-Rhone-Alpes	252597	8	1906	45.85113	4.58328
Bully-les-Mines	Pas-de-Calais, Hauts-de-France	1145295	8	11975	50.4438	2.72703
Bulnes	Provincia de Diguillin, Nuble	1597490	8	12715	-36.74232	-72.29854
Bulowice	Powiat oswiecimski, Lesser Poland	3369187	8	4700	49.8765	19.28873
Bulqize	Rrethi i Bulqizes, Diber	1249560	8	11212	41.49167	20.22194
Bulverde	Comal County, Texas	113615	8	4925	29.74383	-98.45307
Bulz	Comuna Bulz, Bihor	14431558	8	2352	46.91667	22.68333
Bunawan	Province of Agusan del Sur, Caraga	3870461	6	15471	8.16722	125.99083
Bunbury	Bunbury, Western Australia	11688805	9	68248	-33.32711	115.64137
Bunbury	Cheshire East, England	1414767	10	1195	53.11559	-2.65151
Bunclody	Wexford, Leinster	2568841	10	1984	52.6553	-6.65359
Bundaberg East	Bundaberg, Queensland	5293833	9	2776	-24.8586	152.38003
Bundaberg North	Bundaberg, Queensland	5296789	9	5447	-24.84914	152.34638
Bundaberg South	Bundaberg, Queensland	5178457	9	3222	-24.87277	152.35986
Bundaberg West	Bundaberg, Queensland	5183686	9	2932	-24.87265	152.33647
Bundall	Gold Coast, Queensland	11675452	9	4424	-28.01111	153.40479
Bundamba	Ipswich, Queensland	11675325	9	6367	-27.60947	152.81133
Bundanoon	Wingecarribee, New South Wales	6074495	9	2703	-34.65658	150.29623
Bunde	Gemeente Meerssen, Limburg	1422692	10	5500	50.89667	5.73194
Bunde	Lower Saxony	1255784	8	7588	53.18333	7.26667
Bundeena	Sutherland Shire, New South Wales	2911900	9	1860	-34.08384	151.15016
Bundenbach	Rheinland-Pfalz	1245095	8	1012	49.8428	7.37826
Bundenthal	Rheinland-Pfalz	1251113	8	1137	49.09549	7.80839
Bundibugyo	Bundibugyo District, Western Region	3501892	4	16919	0.71117	30.06469
Bundoora	Banyule, Victoria	2382203	9	28068	-37.69825	145.05967
Bundu	Ranchi, Jharkhand	9961180	6	19467	23.16095	85.59007
Bungalow	Cairns, Queensland	11677139	9	2159	-16.93855	145.75634
Bungarribee	Blacktown, New South Wales	4504681	9	2629	-33.77704	150.86799
Bungay	Suffolk, England	4782680	10	5127	52.45434	1.43818
Bungendore	Queanbeyan-Palerang Regional, New South Wales	6068235	9	4067	-35.25382	149.44007
Bungku	Morowali Regency, Central Sulawesi	13498226	7	0	-2.5471	121.972
Bungo-Takada-shi	Bungo-takada Shi, Oita	4004880	7	23059	33.5567	131.44506
Bungudu	Bungudu, Zamfara	3706961	6	0	12.26848	6.55288
Bungudu	Bungudu, Zamfara	3706991	8	0	12.26848	6.55288
Bunhe	Donetsk Oblast	3629487	9	13544	48.2214	38.28365
Buni Yadi	Gujba, Yobe	3698608	8	0	11.27441	12.00852
Bunia	Bunia, Ituri	11701911	6	96764	1.55941	30.25224
Buniel	Provincia de Burgos, Castille and Leon	344166	8	269	42.31197	-3.8223
Bunila	Comuna Bunila, Hunedoara	10541406	8	455	45.7	22.66667
Buninyong	Ballarat, Victoria	3124406	9	3568	-37.65019	143.88388
Bunkeflostrand	Malmoe, Skane	3050003	10	13048	55.54478	12.92375
Bunker Hill	Macoupin County, Illinois	124758	8	1716	39.04282	-89.95177
Bunker Hill Village	Harris County, Texas	2947137	8	3957	29.76745	-95.52994
Bunkerville	Clark County, Nevada	170008	8	1303	36.77303	-114.12802
Bunkie	Avoyelles Parish, Louisiana	132031	8	4066	30.95325	-92.18263
Bunkure	Bunkure, Kano	3710308	6	0	11.69924	8.54127
Bunkure	Bunkure, Kano	3710380	8	0	11.69924	8.54127
Bunnell	Flagler County, Florida	117196	8	2828	29.46609	-81.25784
Bunnik	Gemeente Bunnik, Utrecht	334828	10	6315	52.06667	5.19861
Bunnik	Gemeente Bunnik, Utrecht	419208	8	6315	52.06667	5.19861
Bunol	Provincia de Valencia, Valencia	346693	8	9517	39.41667	-0.78333
Bunsbeek	Provincie Vlaams-Brabant, Flanders	4642915	9	1763	50.84172	4.94522
Bunschoten	Gemeente Bunschoten, Utrecht	163548	8	3015	52.24304	5.37884
Buntingford	Hertfordshire, England	3577646	10	4948	51.94612	-0.01841
Bunuel	Provincia de Navarra, Navarre	345433	8	2402	41.98009	-1.44503
Bunya	Moreton Bay, Queensland	9043777	9	1870	-27.3694	152.94331
Bunyan	Kayseri	1798519	6	12821	38.8463	35.86033
Bunyip	Cardinia, Victoria	2452459	9	3131	-38.09789	145.71606
Bunyola	Illes Balears, Balearic Islands	342922	8	5475	39.69634	2.69955
Bunza	Bunza, Kebbi	3707940	6	0	12.08821	4.0152
Buochs	Nidwalden	1683062	8	5524	46.97398	8.42279
Buon Ho	GJak Lak	7076186	6	127920	12.95226	108.2962
Buon Ma Thuot	GJak Lak	3273657	6	146975	12.66747	108.03775
Buonabitacolo	Provincia di Salerno, Campania	40412	8	2013	40.26855	15.62119
Buonalbergo	Provincia di Benevento, Campania	41145	8	1332	41.22236	14.97799
Buonconvento	Provincia di Siena, Tuscany	42335	8	2688	43.13314	11.48363
Buonvicino	Provincia di Cosenza, Calabria	40029	8	266	39.68877	15.884
Buq'ata	Quneitra	1375243	8	6528	33.20111	35.77917
Burago di Molgora	Provincia di Monza e della Brianza, Lombardy	45418	8	4221	45.59648	9.38165
Buran	Luhansk	4722131	9	1023	48.30003	39.61526
Burauen	Province of Leyte, Eastern Visayas	5426220	6	14268	10.97556	124.89278
Burbach	Regierungsbezirk Arnsberg, North Rhine-Westphalia	163258	8	14942	50.75105	8.07939
Burbage	Wiltshire, England	5450766	10	1772	51.35184	-1.67087
Burbaguena	Provincia de Teruel, Aragon	346219	8	334	41.01783	-1.33825
Burbank	Brisbane, Queensland	11677899	9	1009	-27.55584	153.14701
Burbank	Cook County, Illinois	123136	8	29128	41.73392	-87.7795
Burbank	Los Angeles County, California	3529574	8	105319	34.18084	-118.30897
Burbank	Walla Walla County, Washington	237414	8	3291	46.19986	-119.01306
Burbure	Pas-de-Calais, Hauts-de-France	1145310	8	2898	50.53663	2.46897
Burcht	Provincie Antwerpen, Flanders	60888	9	7494	51.20393	4.34286
Burdaard	Noardeast-Fryslan, Friesland	2648721	10	1166	53.29421	5.87897
Burdell	Townsville, Queensland	11676824	9	5539	-19.25056	146.69877
Burdinne	Province de Liege, Wallonia	2363329	8	2799	50.58454	5.07663
Burela de Cabo	Provincia de Lugo, Galicia	12633452	9	8338	43.65	-7.4
Burela de Cabo	Provincia de Lugo, Galicia	342113	8	8338	43.65	-7.4
Bures-sur-Yvette	Essonne, Ile-de-France	53801	8	10411	48.69981	2.17064
Bureta	Provincia de Zaragoza, Aragon	346515	8	297	41.81572	-1.48819
Burford	Oxfordshire, England	4211416	10	1184	51.80915	-1.63628
Burg	Brandenburg	1322838	8	4549	51.83448	14.14856
Burg	Brandenburg	2320685	7	4549	51.83448	14.14856
Burg	Brandenburg	3929258	10	4549	51.83448	14.14856
Burg Stargard	Mecklenburg-Vorpommern	1419900	8	4780	53.49582	13.31122
Burg bei Magdeburg	Saxony-Anhalt	154557	8	24958	52.27152	11.85493
Burg bei Magdeburg	Saxony-Anhalt	3911426	9	24958	52.27152	11.85493
Burganes de Valverde	Provincia de Zamora, Castille and Leon	346081	8	845	41.9213	-5.78244
Burgas	Obshtina Burgas, Burgas	1937057	7	195966	42.50606	27.46781
Burgau	Politischer Bezirk Hartberg-Fuerstenfeld, Styria	36857	8	1040	47.14268	16.09643
Burgau	Swabia, Bavaria	964473	8	9576	48.43159	10.40989
Burgaw	Pender County, North Carolina	179702	8	4100	34.55211	-77.9261
Burgbernheim	Regierungsbezirk Mittelfranken, Bavaria	356766	8	3055	49.45103	10.32385
Burgbrohl	Rheinland-Pfalz	1050575	8	3332	50.45463	7.2772
Burgdorf	Emmental District, Bern	1682397	8	14788	47.05901	7.62786
Burgdorf	Lower Saxony	59419	8	30899	52.44628	10.0064
Burgebrach	Upper Franconia, Bavaria	1077539	8	6412	49.82832	10.74338
Burgeo	Newfoundland and Labrador	2840305	6	1307	47.61668	-57.61516
Burgess Hill	West Sussex, England	2868042	10	30635	50.95843	-0.13287
Burgettstown	Washington County, Pennsylvania	188415	8	1352	40.38201	-80.39284
Burgfried	Politischer Bezirk Hallein, Salzburg	9039145	10	3358	47.68004	13.11175
Burggen	Upper Bavaria, Bavaria	936754	8	1686	47.77689	10.81724
Burgh by Sands	Cumbria, England	8395427	10	1176	54.92181	-3.05671
Burgh le Marsh	Lincolnshire, England	1851064	10	2026	53.16158	0.24484
Burghaslach	Regierungsbezirk Mittelfranken, Bavaria	356990	8	2514	49.73313	10.6007
Burghaun	Regierungsbezirk Kassel, Hesse	454868	8	6713	50.69684	9.72453
Burghausen	Upper Bavaria, Bavaria	942044	8	18263	48.16925	12.83139
Burgheim	Upper Bavaria, Bavaria	943668	8	4616	48.70035	11.01599
Burgio	Agrigento, Sicily	39297	8	2697	37.60094	13.28826
Burgistein	Thun District, Bern	1682398	8	1058	46.78464	7.49988
Burgkirchen an der Alz	Upper Bavaria, Bavaria	942047	8	10756	48.16753	12.7325
Burgkirchen an der Alz	Upper Bavaria, Bavaria	977367	8	10756	48.16753	12.7325
Burgkunstadt	Upper Franconia, Bavaria	1026853	8	6991	50.14093	11.25205
Burglauer	Regierungsbezirk Unterfranken, Bavaria	387468	8	1658	50.27645	10.17939
Burglengenfeld	Upper Palatinate, Bavaria	962186	8	12095	49.20379	12.04452
Burglesum	Bremen	1086527	10	33000	53.16532	8.68873
Burgoberbach	Regierungsbezirk Mittelfranken, Bavaria	534395	8	3391	49.23333	10.58333
Burgohondo	Provincia de Avila, Castille and Leon	344995	8	1180	40.41416	-4.78509
Burgos	Burgos, Tamaulipas	5605597	6	1404	24.94722	-98.79921
Burgos	Provincia de Burgos, Castille and Leon	344165	8	178966	42.34106	-3.70184
Burgpreppach	Regierungsbezirk Unterfranken, Bavaria	388836	8	1480	50.14149	10.64977
Burgrieden	Tuebingen Region, Baden-Wurttemberg	2801020	8	3573	48.23333	9.93333
Burgsalach	Regierungsbezirk Mittelfranken, Bavaria	1015146	8	1262	49.03316	11.09766
Burgschwalbach	Rheinland-Pfalz	538929	8	1142	50.28333	8.08333
Burgsinn	Regierungsbezirk Unterfranken, Bavaria	349935	8	2709	50.14968	9.65119
Burgsolms	Regierungsbezirk Giessen, Hesse	13779925	9	4565	50.54191	8.40411
Burgstadt	Regierungsbezirk Unterfranken, Bavaria	393539	8	4342	49.71476	9.26916
Burgstaedt	Saxony	2984748	7	12477	50.91333	12.806
Burgstaedt	Saxony	414481	8	12477	50.91333	12.806
Burgstetten	Regierungsbezirk Stuttgart, Baden-Wurttemberg	400934	8	3515	48.92805	9.37239
Burgthann	Regierungsbezirk Mittelfranken, Bavaria	966147	8	11567	49.35202	11.31154
Burguillos	Provincia de Sevilla, Andalusia	341170	8	4116	37.5844	-5.96654
Burguillos de Toledo	Province of Toledo, Castille-La Mancha	340660	8	1708	39.79635	-3.99254
Burguillos del Cerro	Provincia de Badajoz, Extremadura	346214	8	3170	38.38008	-6.59037
Burgum	Gemeente Tytsjerksteradiel, Friesland	2645613	10	9720	53.19243	5.99009
Burgwerben	Saxony-Anhalt	2405455	10	1062	51.2227	11.98396
Burgwindheim	Upper Franconia, Bavaria	1077564	8	1465	49.82733	10.59631
Burham	Kent, England	2332833	10	1195	51.33243	0.47833
Burhaniye	Balikesir	1820913	6	38083	39.50041	26.97269
Buri	Buri, Sao Paulo	298489	8	15958	-23.7975	-48.59278
Buri	Buri, Sao Paulo	5349587	9	15958	-23.7975	-48.59278
Buriasco	Torino, Piedmont	43744	8	738	44.87222	7.412
Burie	Charente-Maritime, Nouvelle-Aquitaine	138513	8	1355	45.77273	-0.42289
Burien	King County, Washington	237342	8	50467	47.47038	-122.34679
Burila Mare	Comuna Burila Mare, Mehedinti	9714850	8	2656	44.45278	22.57361
Buritama	Buritama, Sao Paulo	297967	8	12712	-21.06611	-50.14722
Buritama	Buritama, Sao Paulo	5683064	9	12712	-21.06611	-50.14722
Buriti Alegre	Buriti Alegre, Goias	334591	8	9427	-18.14	-49.04028
Buriti Bravo	Buriti Bravo, Maranhao	332867	8	17692	-5.83722	-43.83361
Buriti dos Lopes	Buriti dos Lopes, Piaui	302861	8	9475	-3.175	-41.86694
Buritica	Buritica, Antioquia	1316172	6	2388	6.71873	-75.90734
Buritis	Buritis, Minas Gerais	6159091	9	16243	-15.61778	-46.42333
Burjassot	Provincia de Valencia, Valencia	346698	8	38433	39.50984	-0.41327
Burjuc	Comuna Burjuc, Hunedoara	10492534	8	997	45.95	22.48333
Burk	Regierungsbezirk Mittelfranken, Bavaria	534185	8	1241	49.13318	10.47891
Burkardroth	Regierungsbezirk Unterfranken, Bavaria	384334	8	7893	50.27125	9.99162
Burkburnett	Wichita County, Texas	113885	8	11043	34.09787	-98.57061
Burke	Gregory County, South Dakota	195187	8	589	43.1825	-99.29205
Burkesville	Cumberland County, Kentucky	130703	8	1515	36.79034	-85.37052
Burkhardtsdorf	Saxony	2985134	7	7067	50.73333	12.91667
Burkhardtsdorf	Saxony	536008	8	7067	50.73333	12.91667
Burla	Sambalpur, Odisha	10104939	6	40816	21.50976	83.87259
Burladingen	Tuebingen Region, Baden-Wurttemberg	2778959	8	13131	48.29111	9.11286
Burlats	Tarn, Occitanie	1453085	8	1938	43.63641	2.31818
Burleigh Heads	Gold Coast, Queensland	9728292	9	10978	-28.1	153.45
Burleigh Waters	Gold Coast, Queensland	9531787	9	14117	-28.09975	153.42463
Burleson	Johnson County, Texas	115241	8	43625	32.54208	-97.32085
Burley	Cassia County, Idaho	121444	8	10436	42.53574	-113.79279
Burley	District of Rutland, England	3446540	10	0	52.68512	-0.69609
Burley	Hampshire, England	3946095	10	1384	50.828	-1.69977
Burley in Wharfedale	Bradford, England	7185032	10	5996	53.9102	-1.75798
Burlingame	San Mateo County, California	9949457	8	30459	37.5841	-122.36608
Burlington	Alamance County, North Carolina	179970	8	52472	36.09569	-79.4378
Burlington	Chittenden County, Vermont	199071	8	42452	44.47588	-73.21207
Burlington	Coffey County, Kansas	129850	8	2615	38.19447	-95.74276
Burlington	Des Moines County, Iowa	128315	8	25410	40.80754	-91.11292
Burlington	Middlesex County, Massachusetts	1838337	8	24498	42.50482	-71.19561
Burlington	Ontario	2407513	8	183314	43.38621	-79.83713
Burlington	Racine County, Wisconsin	251394	8	10650	42.67807	-88.2762
Burlington	Skagit County, Washington	237329	8	8633	48.47566	-122.32544
Burlington	Ward County, North Dakota	181532	8	1181	48.27529	-101.42878
Burnaby	Metro Vancouver Regional District, British Columbia	2221119	8	202799	49.26636	-122.95263
Burnet	Burnet County, Texas	8062853	8	6239	30.75824	-98.22836
Burnett Heads	Bundaberg, Queensland	5386270	9	2667	-24.76468	152.4127
Burnettown	Aiken County, South Carolina	193855	8	2673	33.51541	-81.849
Burnham	Cook County, Illinois	123141	8	4210	41.63892	-87.55671
Burnham	Mifflin County, Pennsylvania	187688	8	2018	40.63868	-77.56861
Burnham	Waldo County, Maine	12203415	8	1187	44.69284	-69.42755
Burnham-on-Crouch	Essex, England	1551154	10	7561	51.63272	0.81488
Burnhaupt-le-Bas	Haut-Rhin, Grand Est	387674	8	1298	47.71764	7.16148
Burnhaupt-le-Haut	Haut-Rhin, Grand Est	80195	8	1562	47.73162	7.14437
Burnie	Burnie, Tasmania	10590508	9	19972	-41.05584	145.90375
Burnie	Burnie, Tasmania	10632587	7	19972	-41.05584	145.90375
Burniston	North Yorkshire, England	7267872	10	1523	54.32385	-0.44813
Burnley	Lancashire, England	149101	8	149422	53.8	-2.23333
Burns	Dickson County, Tennessee	195919	8	1473	36.05339	-87.31251
Burns	Harney County, Oregon	186291	8	2757	43.58626	-119.0541
Burns Beach	Joondalup, Western Australia	11689636	9	3282	-31.7206	115.7205
Burns Flat	Washita County, Oklahoma	184103	8	2049	35.34894	-99.17036
Burns Harbor	Porter County, Indiana	127214	8	1609	41.62587	-87.13337
Burns Lake	Regional District of Bulkley-Nechako, British Columbia	2222307	8	1779	54.22972	-125.76084
Burnside	Melton, Victoria	2423870	9	5800	-37.74937	144.75301
Burnside	Sunshine Coast, Queensland	11619072	9	2362	-26.63255	152.94063
Burnside Heights	Melton, Victoria	2423875	9	5995	-37.72691	144.75225
Burnsville	Dakota County, Minnesota	136578	8	61481	44.76774	-93.27772
Burnsville	Yancey County, North Carolina	179757	8	1660	35.91734	-82.30096
Burntisland	Fife, Scotland	10412816	10	6370	56.05865	-3.23664
Burntwood	Staffordshire, England	6898704	10	29244	52.68075	-1.92759
Burolo	Torino, Piedmont	45098	8	871	45.48116	7.93392
Buron	Provincia de Leon, Castille and Leon	346902	8	372	43.02486	-5.05119
Buronga	Wentworth, New South Wales	5738467	9	1350	-34.1707	142.1735
Buronzo	Provincia di Vercelli, Piedmont	45057	8	749	45.48018	8.26628
Buros	Pyrenees-Atlantiques, Nouvelle-Aquitaine	2155862	8	1528	43.35256	-0.30959
Burow	Mecklenburg-Vorpommern	1427898	8	1258	53.77372	13.27318
Burpengary	Moreton Bay, Queensland	11677914	9	13779	-27.15746	152.95758
Burpengary East	Moreton Bay, Queensland	11677693	9	6398	-27.14447	152.99968
Burr Ridge	DuPage County, Illinois	122048	8	10818	41.74892	-87.91839
Burra	Goyder, South Australia	6532835	9	1149	-33.67171	138.92835
Burradoo	Wingecarribee, New South Wales	6074497	9	2607	-34.5032	150.409
Burraneer	New South Wales	2016121	9	3495	-34.05625	151.1381
Burrel	Rrethi i Matit, Diber	1249562	8	15405	41.61028	20.00889
Burrill Lake	Shoalhaven Shire, New South Wales	6079486	9	1433	-35.38716	150.44952
Burringham	North Lincolnshire, England	1277317	10	1179	53.57402	-0.73957
Burrington	Herefordshire, England	6185767	10	0	52.35	-2.81667
Burrington	North Somerset, England	2959786	10	237	51.32884	-2.74868
Burrum Heads	Fraser Coast, Queensland	11676283	9	2222	-25.18457	152.61263
Burruyacu	Departamento de Burruyacu, Tucuman	10972989	8	2037	-26.49918	-64.74206
Burscheid	Regierungsbezirk Koeln, North Rhine-Westphalia	173096	8	19215	51.08468	7.11393
Burscough	Lancashire, England	8226073	10	8799	53.5964	-2.83972
Burshtyn	Ivano-Frankivsk Oblast	3626214	9	14866	49.25193	24.63339
Bursledon	Hampshire, England	3334938	10	6894	50.88658	-1.31596
Burst	Provincie Oost-Vlaanderen, Flanders	7868894	9	2987	50.91497	3.91636
Burstwick	East Riding of Yorkshire, England	721976	10	1924	53.73211	-0.13956
Burswood	Belmont, Western Australia	11325870	9	2780	-31.95872	115.90396
Burtenbach	Swabia, Bavaria	964145	8	3323	48.34051	10.4528
Burton	Beaufort County, South Carolina	194725	8	6976	32.43575	-80.724
Burton	Geauga County, Ohio	182426	8	1461	41.47061	-81.1451
Burton	Genesee County, Michigan	134623	8	28788	42.99947	-83.61634
Burton	Pembrokeshire, Wales	11180827	10	0	51.71556	-4.92222
Burton	Salisbury, South Australia	6821000	9	6242	-34.73339	138.60247
Burton Constable	East Riding of Yorkshire, England	722042	10	0	53.81667	-0.2
Burton Joyce	Nottinghamshire, England	158056	10	3752	52.98825	-1.03407
Burton Latimer	Northamptonshire, England	1674647	10	6890	52.36368	-0.67853
Burton Pidsea	East Riding of Yorkshire, England	721993	10	944	53.76327	-0.10703
Burton on the Wolds	Leicestershire, England	2401138	10	1218	52.78574	-1.12988
Burton upon Stather	North Lincolnshire, England	1281658	10	2410	53.64911	-0.68453
Buruanga	Province of Aklan, Western Visayas	3593710	6	0	11.84428	121.88841
Burujon	Province of Toledo, Castille-La Mancha	340651	8	1449	39.90113	-4.2973
Buruku	Bukuru, Benue	3716081	6	0	7.45961	9.20455
Burutu	Burutu, Delta	3716954	6	16410	5.35328	5.50826
Burwash	East Sussex, England	2856083	10	1317	50.99755	0.38504
Burwell	Cambridgeshire, England	1609775	10	6309	52.27632	0.32732
Burwell	Garfield County, Nebraska	169284	8	1211	41.78167	-99.13315
Burwell	Lincolnshire, England	1855667	10	5963	53.29305	0.03463
Burwood	Burwood, New South Wales	5683360	9	18224	-33.88333	151.1
Burwood	Whitehorse, Victoria	2390025	9	14898	-37.84978	145.11901
Burwood East	Whitehorse, Victoria	2395802	9	10675	-37.85	145.15
Bury	Borough of Bury, England	146927	8	61044	53.6	-2.3
Bury	Oise, Hauts-de-France	1835184	8	3027	49.31307	2.34401
Bury St Edmunds	Suffolk, England	4507925	10	42812	52.2463	0.71111
Busalla	Provincia di Genova, Liguria	43319	8	5216	44.5706	8.94545
Busana	Provincia di Reggio Emilia, Emilia-Romagna	6600572	10	240	44.36886	10.32339
Busano	Torino, Piedmont	44667	8	1467	45.33137	7.65727
Busbanza	Busbanza, Boyaca	1315385	6	164	5.83047	-72.88419
Busby	Liverpool, New South Wales	2931286	9	4280	-33.91124	150.88068
Busca	Provincia di Cuneo, Piedmont	43191	8	5588	44.51625	7.47662
Buscate	Citta metropolitana di Milano, Lombardy	45246	8	4656	45.54353	8.81297
Buscemi	Provincia di Siracusa, Sicily	39175	8	1063	37.08604	14.88499
Busenberg	Rheinland-Pfalz	1251115	8	1418	49.13024	7.8293
Buseno	Region Moesa, Grisons	1684053	8	90	46.27381	9.10735
Buseto Palizzolo	Trapani, Sicily	39441	8	2573	38.00339	12.70911
Bushenyi	Bushenyi District, Western Region	3498054	4	0	-0.53695	30.18579
Bushland Beach	Townsville, Queensland	11676840	9	5990	-19.19134	146.67682
Bushnell	McDonough County, Illinois	126863	8	2976	40.55282	-90.50624
Bushnell	Sumter County, Florida	117491	8	2995	28.66499	-82.11286
Bushtrice	Rrethi i Kukesit, Kukes	1248561	8	0	41.87861	20.42194
Bushtyno	Tyachiv Raion, Transcarpathia	11841374	9	8516	48.0473	23.48576
Bushyhead	Rogers County, Oklahoma	183776	8	1314	36.46148	-95.49414
Busigny	North, Hauts-de-France	55565	8	2489	50.03424	3.46713
Busing	Province of Masbate, Bicol	9711541	10	2062	13.15139	122.97139
Busingen	Freiburg Region, Baden-Wurttemberg	2785126	8	1473	47.69638	8.68759
Busko-Zdroj	Powiat buski, Swietokrzyskie	2898416	8	17095	50.47078	20.71884
Busnago	Provincia di Monza e della Brianza, Lombardy	45439	8	6413	45.61648	9.46375
Busnes	Pas-de-Calais, Hauts-de-France	1135400	8	1335	50.58781	2.51827
Busot	Provincia de Alicante, Valencia	345284	8	2272	38.48206	-0.41918
Busquistar	Provincia de Granada, Andalusia	347440	8	339	36.93796	-3.29444
Bussac-sur-Charente	Charente-Maritime, Nouvelle-Aquitaine	138515	8	1215	45.78333	-0.63333
Bussang	Vosges, Grand Est	86239	8	1803	47.88449	6.85272
Busselton	Busselton, Western Australia	11688699	9	21898	-33.65249	115.3455
Busserach	Bezirk Thierstein, Solothurn	1683492	8	1863	47.39415	7.54117
Bussero	Citta metropolitana di Milano, Lombardy	45234	8	8529	45.53407	9.37205
Busseto	Provincia di Parma, Emilia-Romagna	43837	8	4711	44.9794	10.04331
Bussi sul Tirino	Provincia di Pescara, Abruzzo	41858	8	2432	42.21321	13.82511
Bussiere-Dunoise	Creuse, Nouvelle-Aquitaine	118252	8	1095	46.25845	1.76228
Bussiere-Galant	Haute-Vienne, Nouvelle-Aquitaine	114861	8	1426	45.6269	1.03636
Bussiere-Poitevine	Haute-Vienne, Nouvelle-Aquitaine	118095	9	1007	46.23537	0.90481
Bussieres	Loire, Auvergne-Rhone-Alpes	395044	8	1326	45.8357	4.27123
Bussigny	Ouest Lausannois District, Vaud	1684875	8	7408	46.5511	6.55597
Busso	Provincia di Campobasso, Molise	41364	8	1066	41.55413	14.56103
Bussolengo	Provincia di Verona, Veneto	45080	8	15170	45.46903	10.85371
Bussoleno	Torino, Piedmont	44134	8	5396	45.1397	7.14432
Bussum	Gooise Meren, North Holland	162382	10	31334	52.27333	5.16111
Busswil bei Melchnau	Oberaargau, Bern	1682399	8	0	47.18583	7.83194
Bussy-Saint-Georges	Seine-et-Marne, Ile-de-France	403039	8	10043	48.84099	2.70165
Bustamante	Bustamante, Nuevo Leon	5605598	6	3640	26.53498	-100.50608
Bustamante	Bustamante, Tamaulipas	5605599	6	1392	23.43524	-99.75875
Bustares	Provincia de Guadalajara, Castille-La Mancha	341307	8	98	41.13333	-3.06667
Bustarviejo	Provincia de Madrid, Madrid	345613	8	1727	40.8572	-3.70766
Bustehrad	Okres Kladno, Central Bohemia	428625	10	2295	50.15594	14.18897
Bustehrad	Okres Kladno, Central Bohemia	440963	8	2295	50.15594	14.18897
Bustillo de Chaves	Provincia de Valladolid, Castille and Leon	339797	8	96	42.13114	-5.09169
Bustillo de la Vega	Provincia de Palencia, Castille and Leon	345625	8	359	42.45605	-4.74115
Bustillo del Oro	Provincia de Zamora, Castille and Leon	342490	8	135	41.6746	-5.46158
Bustillo del Paramo	Provincia de Leon, Castille and Leon	346905	8	1630	42.44126	-5.7928
Bustillo del Paramo de Carrion	Provincia de Palencia, Castille and Leon	345624	8	79	42.35509	-4.7398
Busto Arsizio	Provincia di Varese, Lombardy	45376	8	83405	45.61128	8.84914
Busto Garolfo	Citta metropolitana di Milano, Lombardy	45252	8	13364	45.54809	8.88298
Busto de Bureba	Provincia de Burgos, Castille and Leon	343166	8	213	42.6591	-3.26512
Bustuchin	Comuna Bustuchin, Gorj	9729780	8	3661	44.96667	23.73333
Busum	Schleswig-Holstein	447160	8	4904	54.13398	8.85756
Buta Ranquil	Departamento de Pehuenches, Neuquen	12561315	8	2221	-37.05222	-69.87713
Butaleja	Butaleja District, Eastern Region	3498136	4	0	0.91194	33.95111
Butcher's Hill	City of Baltimore, Maryland	12770695	10	1970	39.28955	-76.5883
Butcombe	North Somerset, England	2960738	10	0	51.35194	-2.69778
Butel	Butel, Grad Skopje	6965623	9	36154	42.03083	21.44667
Butembo	Nord Kivu	8972965	6	154621	0.14164	29.29117
Butera	Provincia di Caltanissetta, Sicily	39188	8	4683	37.191	14.18232
Butgenbach	Province de Liege, Wallonia	2435381	8	5516	50.42689	6.20504
Buti	Province of Pisa, Tuscany	42594	8	2100	43.72857	10.5845
Butia	Butia, Rio Grande do Sul	242499	8	19494	-30.11972	-51.96222
Butia	Butia, Rio Grande do Sul	7583391	9	19494	-30.11972	-51.96222
Butiama	Butiama, Mara	13015714	5	16376	-1.76667	33.96667
Butimanu	Comuna Butimanu, Dambovita	13838181	8	2335	44.68333	25.9
Butjadingen	Lower Saxony	548618	8	6597	53.54722	8.335
Butler	Bates County, Missouri	141704	8	4091	38.25863	-94.33051
Butler	Butler County, Pennsylvania	187231	8	13289	40.86118	-79.89533
Butler	Choctaw County, Alabama	7443870	8	1798	32.08959	-88.22197
Butler	DeKalb County, Indiana	127767	8	2701	41.42977	-84.87135
Butler	Morris County, New Jersey	170569	8	7701	41.00371	-74.34154
Butler	Taylor County, Georgia	119938	8	1885	32.55709	-84.23825
Butler	Wanneroo, Western Australia	11689647	9	13473	-31.64298	115.70431
Butler	Waukesha County, Wisconsin	244309	8	1825	43.10584	-88.06953
Butner	Granville County, North Carolina	176787	8	7751	36.13209	-78.75667
Butry-sur-Oise	Val d'Oise, Ile-de-France	450262	8	2108	49.08837	2.19916
Buttaba	Lake Macquarie Shire, New South Wales	5994023	9	1059	-33.05327	151.57866
Buttapietra	Provincia di Verona, Veneto	44730	8	4199	45.3411	10.99915
Butte	Boyd County, Nebraska	169537	8	310	42.91139	-98.84926
Butte	Silver Bow County, Montana	6840978	8	34190	46.00382	-112.53474
Buttelborn	Regierungsbezirk Darmstadt, Hesse	444528	8	13338	49.90333	8.52333
Buttelstedt	Thuringia	2856441	10	1411	51.0765	11.34353
Buttenheim	Upper Franconia, Bavaria	1077540	8	3242	49.80365	11.03002
Buttenwiesen	Swabia, Bavaria	956963	8	5750	48.6	10.71667
Butterworth	Utara, Penang	9531532	7	107591	5.3991	100.36382
Butthard	Regierungsbezirk Unterfranken, Bavaria	162332	8	1300	49.59913	9.87987
Buttigliera Alta	Torino, Piedmont	44119	8	3443	45.06836	7.43254
Buttigliera d'Asti	Provincia di Asti, Piedmont	43958	8	1677	45.02175	7.95103
Buttisholz	Sursee District, Lucerne	1682820	8	2890	47.11442	8.09425
Buttlar	Thuringia	2898841	8	1437	50.7577	9.95277
Buttrio	Udine, Friuli Venezia Giulia	179175	8	3947	46.01098	13.33354
Buttstaedt	Thuringia	2410076	8	2622	51.12227	11.41721
Buttstaedt	Thuringia	2410080	9	2622	51.12227	11.41721
Buttwil	Bezirk Muri, Aargau	1684285	8	1185	47.26828	8.31064
Butuan	Province of Agusan del Norte, Caraga	14141553	6	309709	8.94917	125.54361
Buturugeni	Comuna Buturugeni, Giurgiu	13799987	8	4078	44.36528	25.83528
Butzbach	Regierungsbezirk Darmstadt, Hesse	14292769	9	25156	50.43395	8.67122
Butzbach	Regierungsbezirk Darmstadt, Hesse	385683	8	25156	50.43395	8.67122
Buus	Bezirk Sissach, Basel-Landschaft	1683637	8	1005	47.50635	7.86414
Buvrinnes	Province du Hainaut, Wallonia	14381924	9	1955	50.38873	4.2054
Buxar	Buxar, Bihar	10267832	6	96120	25.57548	83.98043
Buxerolles	Vienne, Nouvelle-Aquitaine	134012	8	9415	46.61667	0.48333
Buxheim	Swabia, Bavaria	114083	8	3060	48	10.13333
Buxieres-les-Mines	Allier, Auvergne-Rhone-Alpes	2895865	8	1200	46.46807	2.95994
Buxted	East Sussex, England	2835405	10	1831	50.99003	0.13441
Buxtehude	Lower Saxony	279078	8	38192	53.46716	9.68636
Buxton	Wollondilly, New South Wales	6076570	9	1986	-34.26017	150.53288
Buxton	York County, Maine	2021653	8	8136	43.63786	-70.51894
Buxy	Saone-et-Loire, Bourgogne-Franche-Comte	910552	8	2171	46.71369	4.70427
Buyant	Bayan-Olgiy	7305009	6	0	48.57967	89.5475
Buynichy	Mogilev	5155632	10	4000	53.8536	30.2671
Buyukorhan	Bursa	1273944	6	0	39.77102	28.88614
Buz	Rrethi i Tepelenes, Gjirokaster	1253932	8	0	40.445	20.00472
Buzancais	Indre, Centre	1688967	8	4600	46.88877	1.4195
Buzau	Municipiul Buzau, Buzau	10576599	8	130954	45.15	26.83333
Buzescu	Comuna Buzescu, Teleorman	13798909	8	4243	44.01667	25.23333
Buzet	Province du Hainaut, Wallonia	3460864	9	1729	50.54038	4.36998
Buzet-sur-Baise	Lot-et-Garonne, Nouvelle-Aquitaine	146373	8	1307	44.25816	0.29889
Buzet-sur-Tarn	Upper Garonne, Occitanie	156882	8	1820	43.77977	1.63301
Buzias	Oras Buzias, Timis	10718301	8	7625	45.64917	21.60361
