Ho Xa	Quang Tri	7046123	6	0	17.06836	107.0052
Ho-Ho-Kus	Bergen County, New Jersey	170631	8	4165	40.99649	-74.10125
Hoa Vang	Da Nang	7053087	6	0	15.98764	108.13893
Hoai An	Binh Dinh	7066235	6	0	14.36352	108.96476
Hoan Lao	Quang Binh	7038730	6	0	17.58436	106.53425
Hoback	Teton County, Wyoming	252187	8	1176	43.28187	-110.78381
Hobart	Brown County, Wisconsin	242800	8	8283	44.49925	-88.14986
Hobart	Hobart, Tasmania	10625465	9	216656	-42.87936	147.32941
Hobart	Hobart, Tasmania	10632745	7	216656	-42.87936	147.32941
Hobart	Kiowa County, Oklahoma	184161	8	3621	35.0295	-99.09313
Hobart	Lake County, Indiana	127195	8	28404	41.53226	-87.25504
Hobartville	Hawkesbury, New South Wales	5498185	9	2734	-33.60435	150.74299
Hobbs	Lea County, New Mexico	171212	8	38416	32.70261	-103.13604
Hobo	Hobo, Huila	1342116	6	4444	2.58333	-75.45
Hoboken	Hudson County, New Jersey	170708	8	53635	40.74399	-74.03236
Hoboken	Provincie Antwerpen, Flanders	59534	9	34443	51.17611	4.34844
Hobor	Wulanchabu Shi, Inner Mongolia	10465092	8	0	41.27154	112.62663
Hobscheid	Hobscheid, Capellen	3661980	9	1051	49.68861	5.91472
Hobscheid	Hobscheid, Capellen	407841	8	1051	49.68861	5.91472
Hocaba	Hocaba, Yucatan	5961490	6	4127	20.8162	-89.24626
Hocaba	Hocaba, Yucatan	6431655	8	4127	20.8162	-89.24626
Hocalar	Afyonkarahisar	1263744	6	2588	38.57824	29.96768
Hochberg	Regierungsbezirk Unterfranken, Bavaria	182317	8	9372	49.78446	9.88223
Hochburg-Ach	Politischer Bezirk Braunau am Inn, Upper Austria	416913	8	0	48.13001	12.87735
Hochdonn	Schleswig-Holstein	939498	8	1233	54.02663	9.27624
Hochdorf	Hochdorf District, Lucerne	1682868	8	8192	47.16841	8.29179
Hochdorf	Regierungsbezirk Stuttgart, Baden-Wurttemberg	2792736	8	4665	48.69283	9.46494
Hochdorf	Regierungsbezirk Stuttgart, Baden-Wurttemberg	6214043	10	4665	48.69283	9.46494
Hochdorf	Tuebingen Region, Baden-Wurttemberg	2801320	8	2069	48.0256	9.78778
Hochdorf-Assenheim	Rheinland-Pfalz	422701	8	3041	49.41944	8.28167
Hochenschwand	Freiburg Region, Baden-Wurttemberg	1240390	8	2478	47.73333	8.16667
Hochfeld	Duesseldorf District, North Rhine-Westphalia	3483166	10	16292	51.41943	6.75462
Hochfelden	Bas-Rhin, Grand Est	289044	9	3120	48.75738	7.56769
Hochfelden	Bas-Rhin, Grand Est	6838421	8	3120	48.75738	7.56769
Hochfelden	Bezirk Buelach, Zurich	1682141	8	1442	47.52262	8.51564
Hochheim	Regierungsbezirk Unterfranken, Bavaria	387525	8	1295	50.36667	10.45
Hochheim am Main	Regierungsbezirk Darmstadt, Hesse	414755	8	17027	50.01436	8.35218
Hochspeyer	Rheinland-Pfalz	1186710	8	4877	49.44207	7.89504
Hochstadt an der Donau	Swabia, Bavaria	957012	8	6795	48.61124	10.56816
Hochstadt bei Thiersheim	Upper Franconia, Bavaria	1022882	8	1225	50.10157	12.08711
Hochstatt	Haut-Rhin, Grand Est	47921	8	1973	47.70389	7.2765
Hochstetten-Dhaun	Rheinland-Pfalz	1244114	8	1648	49.8	7.5
Hochwald	Bezirk Dorneck, Solothurn	1683523	8	1254	47.45389	7.64459
Hocisht	Rrethi i Devollit, Korce	1252588	8	0	40.60833	20.91417
Hockenheim	Karlsruhe Region, Baden-Wurttemberg	453413	8	20614	49.32334	8.55194
Hocking	Wanneroo, Western Australia	11689654	9	5783	-31.77012	115.81832
Hockley Heath	Solihull, England	2738329	10	1604	52.35294	-1.77816
Hockliffe	Central Bedfordshire, England	4054401	10	823	51.93109	-0.58652
Hockwold cum Wilton	Norfolk, England	1022388	10	1195	52.4638	0.54614
Hoctun	Hoctun, Yucatan	5961491	6	4686	20.86513	-89.20125
Hoctun	Hoctun, Yucatan	6430188	8	4686	20.86513	-89.20125
Hod HaSharon	Central District	1383629	8	63175	32.15934	34.8932
Hodac	Comuna Hodac, Mures	12576303	8	4892	46.76667	24.91667
Hodal	Palwal, Haryana	10398316	6	44300	27.89196	77.36744
Hodasz	Szabolcs-Szatmar-Bereg	1452140	8	3489	47.91834	22.20153
Hodenhagen	Lower Saxony	1808866	8	3168	52.76506	9.59495
Hodgdon	Aroostook County, Maine	12218650	8	1289	46.05394	-67.86668
Hodgenville	Larue County, Kentucky	130589	8	3256	37.57395	-85.73996
Hodgkins	Cook County, Illinois	123148	8	1868	41.76892	-87.85783
Hodgson Vale	Toowoomba, Queensland	11675713	9	1345	-27.66518	151.93251
Hodkovice nad Mohelkou	Okres Liberec, Liberecky kraj	430693	10	2659	50.66586	15.08985
Hodkovice nad Mohelkou	Okres Liberec, Liberecky kraj	438995	8	2659	50.66586	15.08985
Hodkovicky	Praha 4, Hlavni mesto Praha	429380	10	3584	50.02346	14.41415
Hodmezovasarhely	Csongrad	1025072	8	44009	46.41667	20.33333
Hodonice	Okres Znojmo, South Moravian	436033	10	1648	48.8368	16.16337
Hodonice	Okres Znojmo, South Moravian	437157	8	1648	48.8368	16.16337
Hodonin	Okres Hodonin, South Moravian	429484	10	26345	48.84893	17.13244
Hodonin	Okres Hodonin, South Moravian	442526	8	26345	48.84893	17.13244
Hodslavice	Okres Novy Jicin, Moravskoslezsky	432126	10	1699	49.53856	18.02367
Hodslavice	Okres Novy Jicin, Moravskoslezsky	437571	8	1699	49.53856	18.02367
Hoechst im Odenwald	Regierungsbezirk Darmstadt, Hesse	14570816	10	10209	49.79972	8.99944
Hoechst im Odenwald	Regierungsbezirk Darmstadt, Hesse	451778	8	10209	49.79972	8.99944
Hoefn	Sveitarfelagid Hornafjoerdur, East	55966	6	1690	64.25388	-15.21212
Hoegaarden	Provincie Vlaams-Brabant, Flanders	3964768	9	3226	50.7756	4.88952
Hoegaarden	Provincie Vlaams-Brabant, Flanders	416479	8	3226	50.7756	4.88952
Hoeheinoed	Rheinland-Pfalz	1251044	8	1253	49.28966	7.60673
Hoehenberg	Regierungsbezirk Koeln, North Rhine-Westphalia	2613741	10	12133	50.93323	7.04138
Hoehnstedt	Saxony-Anhalt	2406720	10	1645	51.50268	11.73844
Hoehr-Grenzhausen	Rheinland-Pfalz	449384	7	9794	50.43474	7.66903
Hoehr-Grenzhausen	Rheinland-Pfalz	453346	8	9794	50.43474	7.66903
Hoeilaart	Provincie Vlaams-Brabant, Flanders	191698	8	10272	50.7673	4.46835
Hoeingen	Regierungsbezirk Giessen, Hesse	14296226	9	1954	50.7191	8.91961
Hoek van Holland	Rotterdam, South Holland	1411104	10	9400	51.9775	4.13333
Hoeleden	Provincie Vlaams-Brabant, Flanders	4644683	9	1831	50.86662	4.98538
Hoensbroek	Gemeente Heerlen, Limburg	1411781	10	25000	50.92387	5.92528
Hoepertingen	Provincie Limburg, Flanders	5412426	9	2264	50.81217	5.28442
Hoerden	Lower Saxony	1416145	8	1135	51.66835	10.28372
Hoeri	Bezirk Buelach, Zurich	1682146	8	1041	47.50799	8.51203
Hoernsheim	Regierungsbezirk Giessen, Hesse	13783364	9	3000	50.51828	8.62976
Hoersching	Politischer Bezirk Linz-Land, Upper Austria	86757	8	2155	48.22627	14.17786
Hoerselgau	Thuringia	2806040	9	1311	50.91988	10.58444
Hoerstel	Regierungsbezirk Muenster, North Rhine-Westphalia	155642	8	19894	52.29763	7.58382
Hoertendorf	Klagenfurt am Woerthersee, Carinthia	2401507	9	2437	46.63333	14.4
Hoeselt	Provincie Limburg, Flanders	1243560	8	9265	50.84714	5.48767
Hoeselt	Provincie Limburg, Flanders	9521606	9	9265	50.84714	5.48767
Hoetting	Innsbruck Stadt, Tyrol	8379594	9	35043	47.26815	11.36868
Hoeven	Gemeente Halderberge, North Brabant	1410921	10	4895	51.57917	4.58333
Hoevenen	Provincie Antwerpen, Flanders	60976	9	8473	51.30604	4.40203
Hoexter	Regierungsbezirk Detmold, North Rhine-Westphalia	148593	8	32713	51.77501	9.38155
Hoexter	Regierungsbezirk Detmold, North Rhine-Westphalia	6706240	10	32713	51.77501	9.38155
Hof	Rheinland-Pfalz	451708	8	1284	50.66667	8.01667
Hof	Upper Franconia, Bavaria	62589	6	49239	50.31297	11.91261
Hof bei Salzburg	Politischer Bezirk Salzburg-Umgebung, Salzburg	86671	8	3562	47.81929	13.21488
Hofbieber	Regierungsbezirk Kassel, Hesse	14315611	9	6372	50.58629	9.83534
Hofbieber	Regierungsbezirk Kassel, Hesse	454877	8	6372	50.58629	9.83534
Hofen an der Enz	Karlsruhe Region, Baden-Wurttemberg	3378897	8	1726	48.8	8.58333
Hoffman Estates	Cook County, Illinois	125796	8	52138	42.04281	-88.0798
Hofgeismar	Regierungsbezirk Kassel, Hesse	1112226	8	16444	51.49607	9.385
Hofgeismar	Regierungsbezirk Kassel, Hesse	8847116	10	16444	51.49607	9.385
Hofheim am Taunus	Regierungsbezirk Darmstadt, Hesse	414726	8	37750	50.09019	8.4493
Hofheim am Taunus	Regierungsbezirk Darmstadt, Hesse	5807049	9	37750	50.09019	8.4493
Hofheim in Unterfranken	Regierungsbezirk Unterfranken, Bavaria	388771	8	5199	50.13675	10.52321
Hofkirchen	Lower Bavaria, Bavaria	958114	8	3712	48.67805	13.11917
Hofkirchen im Traunkreis	Politischer Bezirk Linz-Land, Upper Austria	87640	8	1266	48.14312	14.37776
Hofstade	Provincie Oost-Vlaanderen, Flanders	3388429	9	5927	50.9613	4.02663
Hofstade	Provincie Vlaams-Brabant, Flanders	3479499	9	4868	50.99134	4.49229
Hofstaetten an der Raab	Politischer Bezirk Weiz, Styria	52337	8	574	47.06667	15.73333
Hofstetten	Freiburg Region, Baden-Wurttemberg	453016	8	1661	48.25846	8.06595
Hofstetten	Upper Bavaria, Bavaria	933963	8	1764	48.00847	10.97114
Hogansville	Troup County, Georgia	119685	8	3110	33.17318	-84.91494
Hoghilag	Comuna Hoghilag, Sibiu	10513995	8	2110	46.23333	24.61667
Hoghiz	Comuna Hoghiz, Brasov	10519798	8	4876	45.98333	25.3
Hogyesz	Tolna	1503269	8	3029	46.49697	18.41841
Hohberg	Freiburg Region, Baden-Wurttemberg	452994	8	7809	48.3227	7.89972
Hohburg	Saxony	422919	9	3061	51.41168	12.80508
Hoheischweiler	Rheinland-Pfalz	1251036	8	1018	49.23333	7.55
Hoheluft-Ost	Hamburg	180534	10	23116	53.58399	9.97585
Hohen Neuendorf	Brandenburg	10656106	9	21893	52.67631	13.27775
Hohen Neuendorf	Brandenburg	1310091	8	21893	52.67631	13.27775
Hohenaspe	Schleswig-Holstein	450216	8	2089	53.98898	9.52774
Hohenau	Hohenau, Itapua	11800375	8	5306	-27.07315	-55.64247
Hohenau	Hohenau, Itapua	5158457	8	5306	-27.07315	-55.64247
Hohenau	Lower Bavaria, Bavaria	958943	8	3536	48.84983	13.48825
Hohenberg an der Eger	Upper Franconia, Bavaria	1022868	8	1567	50.09501	12.22008
Hohenbocka	Brandenburg	1314274	8	1192	51.43099	14.00982
Hohenbrunn	Upper Bavaria, Bavaria	2168244	8	8590	48.04785	11.70224
Hohenbrunn	Upper Bavaria, Bavaria	2903824	10	8590	48.04785	11.70224
Hohenburg	Upper Palatinate, Bavaria	1028558	8	1544	49.29507	11.79906
Hohendodeleben	Saxony-Anhalt	3972224	9	1834	52.10412	11.50473
Hohenfelde	Schleswig-Holstein	189454	8	1104	54.36667	10.5
Hohenfels	Upper Palatinate, Bavaria	1028813	8	2156	49.20397	11.84841
Hohenfurch	Upper Bavaria, Bavaria	936751	8	1512	47.85	10.9
Hohenhameln	Lower Saxony	337283	8	9815	52.25755	10.06416
Hohenkammer	Upper Bavaria, Bavaria	30011	8	2256	48.42406	11.52522
Hohenkirchen-Siegertsbrunn	Upper Bavaria, Bavaria	539089	8	9465	48.01932	11.71906
Hohenleipisch	Brandenburg	1303789	8	2562	51.5	13.55
Hohenleuben	Thuringia	1277211	8	1778	50.71128	12.05427
Hohenlinden	Upper Bavaria, Bavaria	929928	8	2769	48.15612	11.99458
Hohenlockstedt	Schleswig-Holstein	450218	8	6224	53.96667	9.61667
Hohenmoelsen	Saxony-Anhalt	13916569	9	9772	51.15769	12.1
Hohenmoelsen	Saxony-Anhalt	2405131	8	9772	51.15769	12.1
Hohenpeissenberg	Upper Bavaria, Bavaria	936832	8	3924	47.8	11
Hohenpolding	Upper Bavaria, Bavaria	934748	8	1410	48.38333	12.13333
Hohenrain	Hochdorf District, Lucerne	1682874	8	2090	47.18083	8.31802
Hohenstein-Ernstthal	Saxony	301039	8	16542	50.80064	12.71287
Hohenstein-Ernstthal	Saxony	8878546	9	16542	50.80064	12.71287
Hohentannen	Bezirk Weinfelden, Thurgau	1684529	8	0	47.50862	9.225
Hohentauern	Politischer Bezirk Murtal, Styria	37917	8	327	47.43333	14.48333
Hohentengen	Freiburg Region, Baden-Wurttemberg	2786235	8	3556	47.57005	8.4325
Hohentengen	Tuebingen Region, Baden-Wurttemberg	2805480	8	4453	48.02946	9.37739
Hohenthann	Lower Bavaria, Bavaria	179420	8	3741	48.66115	12.09251
Hohenthurm	Saxony-Anhalt	2407632	9	2285	51.51807	12.09749
Hohenthurn	Politischer Bezirk Villach Land, Carinthia	106130	8	209	46.55774	13.66038
Hohenwald	Lewis County, Tennessee	197208	8	3667	35.54785	-87.55196
Hohenwarsleben	Saxony-Anhalt	161683	9	1550	52.17898	11.49994
Hohenwarth	Upper Palatinate, Bavaria	959924	8	2132	49.2	12.93333
Hohenwarthe	Saxony-Anhalt	161999	9	1475	52.22968	11.71528
Hohenwestedt	Schleswig-Holstein	548595	8	5092	54.08886	9.65359
Hohn	Rheinland-Pfalz	535012	8	3238	50.61667	7.98333
Hohn	Schleswig-Holstein	556627	8	2326	54.3	9.5
Hohndorf	Saxony	422395	9	3976	50.74044	12.68058
Hohndorf	Saxony	536014	8	3976	50.74044	12.68058
Hohnhorst	Lower Saxony	1182436	8	2262	52.36942	9.37168
Hohnstein	Saxony	534530	8	3806	50.97991	14.11408
Hoima	Hoima District, Western Region	3501926	4	39625	1.43314	31.35241
Hoisdorf	Schleswig-Holstein	454194	8	3460	53.65	10.31667
Hoisington	Barton County, Kansas	130044	8	2623	38.51807	-98.77814
Hojai	Hojai, Assam	10052461	6	36869	26.00281	92.85605
Hojai	Hojai, Assam	9522284	5	36869	26.00281	92.85605
Hojancha	Hojancha, Guanacaste	6408321	8	1823	10.0581	-85.41809
Hokes Bluff	Etowah County, Alabama	110763	8	4301	33.99815	-85.86636
Hokota	Hokota-shi, Ibaraki	2682928	7	0	36.15	140.51667
Hokuryu	Uryu Gun, Hokkaido	4085178	7	1965	43.78333	141.91667
Hokuto	Hokuto-shi, Hokkaido	4088013	7	46083	41.81626	140.63472
Hokuto	Hokuto-shi, Yamanashi	4792125	7	46888	35.83458	138.39606
Hol	Hol, Viken	412354	7	0	60.61511	8.29398
Holasovice	Okres Opava, Moravskoslezsky	432709	10	1366	49.99843	17.80847
Holasovice	Okres Opava, Moravskoslezsky	437595	8	1366	49.99843	17.80847
Holbav	Comuna Holbav, Brasov	10515004	8	1506	45.65922	25.38744
Holboca	Comuna Holboca, Iasi	9964687	8	11971	47.15	27.7
Holboo	Dzabkhan	7304911	6	0	48.58876	95.43257
Holbrook	Greater Hume Shire, New South Wales	5972812	9	1688	-35.721	147.31605
Holbrook	Navajo County, Arizona	6836380	8	5019	34.90225	-110.15818
Holbrook	Norfolk County, Massachusetts	2389793	8	10791	42.1551	-71.00866
Holbrook	Suffolk County, New York	175696	8	27195	40.81232	-73.07844
Holbrook	Suffolk, England	4557299	10	1090	51.9834	1.15854
Holcomb	Finney County, Kansas	129925	8	2163	37.98614	-100.98933
Holden	Johnson County, Missouri	140667	8	2263	38.71418	-93.99133
Holden	Penobscot County, Maine	12207606	8	2939	44.75285	-68.67892
Holden	Worcester County, Massachusetts	1844170	8	17016	42.35176	-71.86341
Holden Hill	Tea Tree Gully, South Australia	9090397	9	3224	-34.85161	138.67232
Holdenville	Hughes County, Oklahoma	184283	8	5750	35.08036	-96.39918
Holder	Australian Capital Territory	5341430	9	2539	-35.33439	149.04614
Holderness	Grafton County, New Hampshire	2044245	8	2056	43.73202	-71.58841
Holdorf	Lower Saxony	1398884	8	6557	52.58333	8.11667
Holdrege	Phelps County, Nebraska	169249	8	5561	40.44029	-99.36982
Holesov	Okres Kromeriz, Zlin	433824	10	12384	49.33331	17.57832
Holesov	Okres Kromeriz, Zlin	437409	8	12384	49.33331	17.57832
Holetown	Saint James	7751529	8	1350	13.18672	-59.63808
Holgate	Henry County, Ohio	183431	8	1096	41.24894	-84.133
Holguera	Provincia de Caceres, Extremadura	346292	8	770	39.89916	-6.34999
Holguin	Municipio de Holguin, Holguin	5904276	6	319102	20.88722	-76.26306
Holic	Okres Skalica, Trnava	2193388	10	11174	48.81105	17.16238
Holic	Okres Skalica, Trnava	2193413	9	11174	48.81105	17.16238
Holice	Okres Pardubice, Pardubicky	436725	8	6219	50.06601	15.9859
Holiday Lakes	Brazoria County, Texas	6586785	8	1166	29.20969	-95.51689
Holladay	Salt Lake County, Utah	198773	8	30864	40.66884	-111.82466
Hollain	Province du Hainaut, Wallonia	4669717	9	1276	50.54165	3.42605
Holland	Allegan County, Michigan	134433	8	33742	42.78752	-86.10893
Holland	Bell County, Texas	6584710	8	1129	30.87824	-97.40167
Holland	Erie County, New York	176348	8	1206	42.64117	-78.54169
Holland	Hampden County, Massachusetts	1181615	8	1464	42.06398	-72.1573
Holland	Lucas County, Ohio	182510	8	1699	41.62172	-83.7116
Holland Park	Brisbane, Queensland	11677815	9	7983	-27.51704	153.06744
Holland Park West	Brisbane, Queensland	11677816	9	6266	-27.52625	153.06046
Hollandale	Washington County, Mississippi	7163771	8	2545	33.16901	-90.85399
Hollandsche Rading	Gemeente De Bilt, Utrecht	2461836	10	1325	52.175	5.17778
Holle	Lower Saxony	1168891	8	7349	52.08721	10.16012
Holleben	Saxony-Anhalt	2406631	10	1741	51.44047	11.89915
Hollenbach	Swabia, Bavaria	162451	8	2372	48.48333	11.06667
Hollenstedt	Lower Saxony	306358	8	3092	53.36667	9.71667
Holler	Rheinland-Pfalz	453838	8	1191	50.41667	7.83333
Hollersbach im Pinzgau	Politischer Bezirk Zell am See, Salzburg	1020200	8	415	47.27658	12.42326
Hollfeld	Upper Franconia, Bavaria	1071017	8	5206	49.93793	11.29153
Holliday	Archer County, Texas	13584298	8	1706	33.81621	-98.69506
Hollidaysburg	Blair County, Pennsylvania	188259	8	5784	40.42729	-78.3889
Hollingstedt	Schleswig-Holstein	1156157	8	1021	54.45934	9.33695
Hollingstedt	Schleswig-Holstein	955356	8	1021	54.45934	9.33695
Hollis	Harmon County, Oklahoma	184806	8	1967	34.68839	-99.91205
Hollis	Hillsborough County, New Hampshire	330700	8	7711	42.74314	-71.59174
Hollister	San Benito County, California	112150	8	37462	36.85245	-121.4016
Hollister	Taney County, Missouri	140472	8	4499	36.62117	-93.21546
Holliston	Middlesex County, Massachusetts	1865799	8	14010	42.2001	-71.4245
Holloways Beach	Cairns, Queensland	11677122	9	2376	-16.84209	145.73922
Hollstadt	Regierungsbezirk Unterfranken, Bavaria	387522	8	1688	50.35	10.3
Hollum	Gemeente Ameland, Friesland	276581	10	1160	53.4394	5.63805
Holly	Oakland County, Michigan	135049	8	6169	42.79197	-83.62773
Holly Hill	Orangeburg County, South Carolina	193828	8	1237	33.32266	-80.4137
Holly Hill	Volusia County, Florida	117936	8	11943	29.24359	-81.03756
Holly Ridge	Onslow County, North Carolina	180210	8	2096	34.49544	-77.55497
Holly Springs	Cherokee County, Georgia	119518	8	10719	34.17399	-84.50132
Holly Springs	Marshall County, Mississippi	7157624	8	7610	34.7676	-89.44869
Holly Springs	Wake County, North Carolina	180072	8	31377	35.65127	-78.83362
Hollym	East Riding of Yorkshire, England	582224	10	339	53.70402	0.04008
Hollywell	Gold Coast, Queensland	11675461	9	2826	-27.90076	153.39609
Hollywood	Broward County, Florida	117954	8	149728	26.0112	-80.14949
Hollywood	Charleston County, South Carolina	194131	8	4962	32.73434	-80.24177
Hollywood	Los Angeles County, California	10855165	9	167664	34.09834	-118.32674
Hollywood Park	Bexar County, Texas	2298163	8	3298	29.6005	-98.48724
Holm	Schleswig-Holstein	450590	8	3094	53.61667	9.66667
Holmen	La Crosse County, Wisconsin	251413	8	9651	43.9633	-91.25625
Holmes Chapel	Cheshire East, England	365398	10	5605	53.2014	-2.35742
Holmestrand	Holmestrand, Vestfold og Telemark	10483727	7	6135	59.48761	10.31761
Holmesville	Lake Macquarie Shire, New South Wales	6026289	9	1326	-32.91667	151.58333
Holmivskyi	Donetsk Oblast	3939909	9	6781	48.40463	38.08177
Holmpton	East Riding of Yorkshire, England	582231	10	0	53.68771	0.06583
Holmview	Logan, Queensland	11677868	9	2342	-27.71631	153.17045
Holmwood	Surrey, England	2891760	10	1094	51.18049	-0.32176
Holnon	Aisne, Hauts-de-France	2947054	8	1348	49.86086	3.21509
Holon	Tel Aviv	1382460	8	196282	32.01034	34.77918
Holoubkov	Okres Rokycany, Plzensky kraj	425449	10	1485	49.77598	13.69246
Holoubkov	Okres Rokycany, Plzensky kraj	439818	8	1485	49.77598	13.69246
Holroyd	Cumberland, New South Wales	5560625	9	1279	-33.83078	150.99725
Holsbeek	Provincie Vlaams-Brabant, Flanders	3942529	9	9094	50.92097	4.75747
Holsbeek	Provincie Vlaams-Brabant, Flanders	543500	8	9094	50.92097	4.75747
Holstein	Bezirk Waldenburg, Basel-Landschaft	1683659	8	2249	47.4229	7.77041
Holstein	Ida County, Iowa	128482	8	1391	42.48915	-95.545
Holsworthy	Devon, England	4113613	10	2641	50.81196	-4.35383
Holsworthy	Liverpool, New South Wales	5515075	9	5771	-33.98333	150.96667
Holt	Australian Capital Territory	6263201	9	4524	-35.22441	149.01188
Holt	Norfolk, England	1022689	10	3810	52.90591	1.08863
Holt	Tuscaloosa County, Alabama	3158358	8	3638	33.23401	-87.48445
Holt	Wiltshire, England	5537362	10	1757	51.35556	-2.19722
Holt	Wrexham, Wales	11280687	10	0	53.06667	-2.88333
Holtby	City of York, England	7235170	10	166	53.97876	-0.97255
Holtland	Lower Saxony	2012931	8	2248	53.28333	7.58333
Holton	Jackson County, Kansas	129796	8	3263	39.46527	-95.73637
Holton le Clay	Lincolnshire, England	1315974	10	3691	53.5052	-0.063
Holts Summit	Callaway County, Missouri	141335	8	3600	38.64032	-92.12241
Holtsee	Schleswig-Holstein	548611	8	1330	54.4	9.85
Holtsville	Suffolk County, New York	175704	8	19714	40.81538	-73.04511
Holtum	Gemeente Sittard-Geleen, Limburg	1421979	10	1170	51.0475	5.82222
Holtze	Litchfield, Northern Territory	11716559	9	2333	-12.4485	131.00556
Holtzheim	Bas-Rhin, Grand Est	75146	8	2900	48.5582	7.64434
Holtzwihr	Haut-Rhin, Grand Est	913862	9	1129	48.11288	7.4208
Holubivka	Luhansk	2581952	9	26838	48.63751	38.6428
Holving	Moselle, Grand Est	1446306	8	1109	49.01162	6.96556
Holwerd	Noardeast-Fryslan, Friesland	2642705	10	1435	53.36815	5.90073
Holwick	County Durham, England	8597602	10	0	54.6358	-2.14371
Holyhead	Anglesey, Wales	10989857	10	11431	53.30621	-4.63211
Holyoke	Hampden County, Massachusetts	1181614	8	40684	42.20426	-72.6162
Holyoke	Phillips County, Colorado	8287870	8	2251	40.58444	-102.30241
Holysov	Okres Domazlice, Plzensky kraj	423253	10	4659	49.59361	13.10129
Holysov	Okres Domazlice, Plzensky kraj	439251	8	4659	49.59361	13.10129
Holywell	County of Flintshire, Wales	11270613	10	6969	53.27466	-3.22895
Holywood	Ards and North Down, Northern Ireland	4648272	10	13109	54.63863	-5.82473
Holzappel	Rheinland-Pfalz	537198	8	1106	50.35	7.9
Holzdorf	Saxony-Anhalt	8518882	9	1324	51.77873	13.12756
Holzgerlingen	Regierungsbezirk Stuttgart, Baden-Wurttemberg	722060	8	11613	48.63969	9.01149
Holzguenz	Swabia, Bavaria	958244	8	1170	48.02503	10.25901
Holzhausen	Wels-Land, Upper Austria	64809	8	661	48.22296	14.09683
Holzhausen an der Haide	Rheinland-Pfalz	540455	8	1291	50.21855	7.90973
Holzheim	Swabia, Bavaria	941090	8	1747	48.38333	10.1
Holzheim	Swabia, Bavaria	956796	8	3755	48.51422	10.53057
Holzkirchen	Upper Bavaria, Bavaria	935961	8	16770	47.87663	11.70181
Holzmaden	Regierungsbezirk Stuttgart, Baden-Wurttemberg	2793194	8	2172	48.63333	9.51667
Holzminden	Lower Saxony	1184652	8	20998	51.82798	9.4455
Holzminden	Lower Saxony	2016898	8	20998	51.82798	9.4455
Holzweissig	Saxony-Anhalt	2266627	9	3250	51.59819	12.30842
Holzwickede	Regierungsbezirk Arnsberg, North Rhine-Westphalia	158415	8	17821	51.5	7.63333
Hom	Altay Diqu, Xinjiang	9374537	8	2099	48.56472	87.42056
Hombeek	Provincie Antwerpen, Flanders	3369536	9	4182	51.01753	4.43891
Homberg	Regierungsbezirk Giessen, Hesse	14296217	9	7863	50.73108	8.99644
Homberg	Regierungsbezirk Giessen, Hesse	418324	8	7863	50.73108	8.99644
Homberg	Regierungsbezirk Kassel, Hesse	452196	8	14903	51.02994	9.40261
Hombleux	Somme, Hauts-de-France	3359862	9	1043	49.73942	2.98574
Hombleux	Somme, Hauts-de-France	9165915	8	1043	49.73942	2.98574
Homblieres	Aisne, Hauts-de-France	153011	8	1493	49.85031	3.36456
Hombourg-Haut	Moselle, Grand Est	2412826	8	9702	49.12819	6.77066
Hombrados	Provincia de Guadalajara, Castille-La Mancha	342793	8	47	40.80118	-1.68558
Hombrechtikon	Bezirk Meilen, Zurich	1682143	8	4767	47.25298	8.77212
Homburg	Bezirk Frauenfeld, Thurgau	1684530	8	1406	47.63469	9.00756
Homburg	Saarland	1184826	8	44607	49.32637	7.33867
Homburg	Saarland	6600584	9	44607	49.32637	7.33867
Home Gardens	Riverside County, California	13776936	8	11570	33.87807	-117.52088
Home Hill	Burdekin, Queensland	11677009	9	3013	-19.65921	147.41232
Homebush	Strathfield, New South Wales	5682414	9	6787	-33.86667	151.08333
Homebush West	Strathfield, New South Wales	5682934	9	8521	-33.86269	151.06696
Homecourt	Meurthe et Moselle, Grand Est	113096	8	6971	49.22071	5.99242
Homedale	Owyhee County, Idaho	121270	8	2565	43.61766	-116.93376
Homeland Park	Anderson County, South Carolina	194180	8	6296	34.47066	-82.67069
Homer	Banks County, Georgia	119852	8	1144	34.33372	-83.49905
Homer	Calhoun County, Michigan	134974	8	1630	42.14588	-84.80886
Homer	Champaign County, Illinois	126118	8	1198	40.03476	-87.95809
Homer	Claiborne Parish, Louisiana	131882	8	3005	32.79192	-93.05503
Homer City	Indiana County, Pennsylvania	187655	8	1652	40.5434	-79.16226
Homer Glen	Will County, Illinois	125778	8	24395	41.60003	-87.93811
Homerville	Clinch County, Georgia	119862	8	2480	31.0366	-82.74708
Homestead	Allegheny County, Pennsylvania	187462	8	3114	40.4059	-79.91199
Homestead	Miami-Dade County, Florida	1216731	8	80737	25.46872	-80.47756
Hometown	Cook County, Illinois	121470	8	4342	41.73448	-87.73144
Homewood	Cook County, Illinois	123430	8	19373	41.55726	-87.6656
Homewood	Jefferson County, Alabama	110170	8	25708	33.47177	-86.80082
Hominy	Osage County, Oklahoma	184993	8	3508	36.41424	-96.3953
Homorod	Comuna Homorod, Brasov	10519770	8	2344	46.05	25.26667
Homun	Homun, Yucatan	5961492	6	6146	20.73918	-89.2849
Homun	Homun, Yucatan	6431656	8	6146	20.73918	-89.2849
Homyel'	Gomel Oblast	163244	6	480951	52.4345	30.9754
Honaker	Russell County, Virginia	206961	8	1392	37.01622	-81.97429
Honaz	Denizli	1606206	6	7974	37.7573	29.26996
Honcho	Abashiri-gun, Hokkaido	4069196	7	5011	43.70389	144.02111
Honcho	Funabashi-shi, Chiba	2679935	7	644668	35.70129	139.98648
Honda	Honda, Tolima	1342098	6	28158	5.20856	-74.73584
Hondelage	Lower Saxony	3407263	9	3719	52.31444	10.60567
Hondo	Medina County, Texas	113929	8	9119	29.34746	-99.14142
Hondo Valle	Hondo Valle, Elias Pina	7155960	6	3713	18.71599	-71.69511
Hondon de los Frailes	Provincia de Alicante, Valencia	343126	8	1058	38.2739	-0.92938
Hondschoote	North, Hauts-de-France	139236	8	3742	50.978	2.58372
Honea Path	Anderson County, South Carolina	192217	8	3707	34.4465	-82.39151
Honesdale	Wayne County, Pennsylvania	188582	8	4233	41.57676	-75.25879
Honey	Honey, Puebla	6037674	6	1131	20.23885	-98.21253
Honey Brook	Chester County, Pennsylvania	188713	8	1758	40.09427	-75.91133
Honey Grove	Fannin County, Texas	113691	8	1656	33.58344	-95.90997
Honeybourne	Worcestershire, England	1875235	10	1388	52.09513	-1.83129
Honeyville	Box Elder County, Utah	198814	8	1454	41.63854	-112.07939
Honfleur	Calvados, Normandy	126415	8	8148	49.41985	0.23294
Hongch'on	Gangwon-do	2526324	6	75251	37.6918	127.8857
Honggang	Daqing Shi, Heilongjiang	2755190	6	147977	46.3974	124.88447
Hongliuwan	Jiuquan Shi, Gansu	7441142	8	0	39.63187	94.33694
Hongos	Provincia de Yauyos, Lima region	1944725	8	371	-12.81139	-75.765
Hongshan	Yichun Shi, Heilongjiang	9466548	8	0	47.9758	129.02199
Hongsipu	Zhongwei Shi, Ningxia Hui Autonomous Region	11936026	8	0	37.39917	106.06028
Honiara	Honiara	2536278	4	56298	-9.43333	159.95
Honiton	Devon, England	3390435	10	11483	50.7996	-3.18899
Honjo	Honjo Shi, Saitama	1769225	7	77900	36.2378	139.19023
Honkajoki	Pohjois-Satakunta, Satakunta	2506775	9	0	61.98333	22.26667
Honmachi	Yatsushiro Shi, Kumamoto	4000380	7	104341	32.50439	130.59952
Honolulu	Honolulu County, Hawaii	119231	8	371657	21.30694	-157.85833
Honoria	Puerto Inca, Huanuco	1954528	8	787	-8.76949	-74.70911
Honrubia	Provincia de Cuenca, Castille-La Mancha	346838	8	1651	39.61358	-2.28077
Honrubia de la Cuesta	Provincia de Segovia, Castille and Leon	344485	8	121	41.50998	-3.70453
Honselersdijk	Gemeente Westland, South Holland	1361426	10	7366	52.00665	4.22441
Hontalbilla	Provincia de Segovia, Castille and Leon	343239	8	382	41.34551	-4.12149
Hontanar	Province of Toledo, Castille-La Mancha	343762	8	148	39.61297	-4.49663
Hontanares de Eresma	Provincia de Segovia, Castille and Leon	343618	8	288	40.98273	-4.20439
Hontanas	Provincia de Burgos, Castille and Leon	346130	8	72	42.31312	-4.04529
Hontanaya	Provincia de Cuenca, Castille-La Mancha	346837	8	425	39.71553	-2.83516
Hontangas	Provincia de Burgos, Castille and Leon	341164	8	129	41.58216	-3.7955
Hontecillas	Provincia de Cuenca, Castille-La Mancha	346843	8	98	39.7	-2.18333
Hontoba	Provincia de Guadalajara, Castille-La Mancha	346315	8	229	40.45385	-3.03858
Hontoria de Cerrato	Provincia de Palencia, Castille and Leon	342263	8	111	41.91061	-4.44209
Hontoria de Valdearados	Provincia de Burgos, Castille and Leon	341161	8	256	41.74488	-3.51983
Hontoria de la Cantera	Provincia de Burgos, Castille and Leon	341166	8	141	42.18879	-3.64251
Hontoria del Pinar	Provincia de Burgos, Castille and Leon	341165	8	786	41.84838	-3.16245
Hood River	Hood River County, Oregon	186809	8	7624	45.7054	-121.52146
Hoofddorp	Gemeente Haarlemmermeer, North Holland	1883605	10	132734	52.3025	4.68889
Hoogblokland	Molenlanden, South Holland	165007	10	1090	51.875	4.97639
Hooge Mierde	Gemeente Reusel-De Mierden, North Brabant	2718183	10	1310	51.3875	5.12917
Hooge Zwaluwe	Gemeente Drimmelen, North Brabant	1576193	10	1265	51.6875	4.74444
Hoogeloon	Gemeente Bladel, North Brabant	1806518	10	1790	51.3975	5.26806
Hoogerheide	Gemeente Woensdrecht, North Brabant	2716716	10	5810	51.42417	4.325
Hoogeveen	Gemeente Hoogeveen, Drenthe	377207	10	38754	52.7225	6.47639
Hoogeveen	Gemeente Hoogeveen, Drenthe	377216	8	38754	52.7225	6.47639
Hoogezand	Midden-Groningen, Groningen	1424907	10	21480	53.16167	6.76111
Hoogland	Gemeente Amersfoort, Utrecht	144639	10	10587	52.1825	5.37361
Hooglede	Provincie West-Vlaanderen, Flanders	1334000	9	9900	50.98333	3.08333
Hooglede	Provincie West-Vlaanderen, Flanders	901841	8	9900	50.98333	3.08333
Hoogmade	Gemeente Kaag en Braassem, South Holland	1879802	10	1480	52.16917	4.58194
Hoogstede	Lower Saxony	1817756	8	2793	52.58333	6.95
Hoogstraten	Provincie Antwerpen, Flanders	1284064	8	18524	51.40029	4.76034
Hoogstraten	Provincie Antwerpen, Flanders	3364198	9	18524	51.40029	4.76034
Hoogvliet	Rotterdam, South Holland	1411102	10	34950	51.86333	4.3625
Hoogwoud	Gemeente Opmeer, North Holland	373621	10	3645	52.71583	4.93889
Hook	East Riding of Yorkshire, England	918074	10	0	53.72132	-0.84891
Hook	Hampshire, England	3742995	10	7321	51.28425	-0.95967
Hook	Pembrokeshire, Wales	11180883	10	838	51.765	-4.93167
Hook Norton	Oxfordshire, England	4189079	10	1919	51.99564	-1.48277
Hooker	Texas County, Oklahoma	185075	8	1996	36.86003	-101.2135
Hooks	Bowie County, Texas	6603613	8	2744	33.46623	-94.28853
Hooksett	Merrimack County, New Hampshire	308153	8	4147	43.09675	-71.46507
Hoopeston	Vermilion County, Illinois	126238	8	5220	40.46726	-87.66836
Hoorn	Gemeente Hoorn, North Holland	1335711	10	68852	52.6425	5.05972
Hoorn	Gemeente Hoorn, North Holland	291667	8	68852	52.6425	5.05972
Hoover	Jefferson County, Alabama	8913572	8	84848	33.40539	-86.81138
Hooverson Heights	Brooke County, West Virginia	238578	8	2590	40.32479	-80.57757
Hopa	Artvin	1596278	6	17519	41.39046	41.41966
Hopatcong	Sussex County, New Jersey	170476	8	14510	40.93288	-74.65933
Hope	Bartholomew County, Indiana	127531	8	2167	39.30394	-85.77137
Hope	County of Flintshire, Wales	11274307	10	4706	53.11667	-3.03333
Hope	Fraser Valley Regional District, British Columbia	2221185	8	4598	49.38299	-121.44144
Hope	Hempstead County, Arkansas	111190	8	9891	33.66706	-93.59157
Hope	Knox County, Maine	12194436	8	1362	44.26508	-69.15893
Hope Island	Gold Coast, Queensland	9043781	9	11154	-27.87036	153.35164
Hope Mills	Cumberland County, North Carolina	179840	8	16163	34.97044	-78.94531
Hope Vale	Hope Vale, Queensland	11677365	9	1049	-15.29561	145.11125
Hope Valley	Tea Tree Gully, South Australia	9090398	9	8223	-34.83333	138.7
Hope under Dinmore	Herefordshire, England	6313502	10	0	52.18333	-2.71667
Hopedale	Worcester County, Massachusetts	1844169	8	3753	42.13065	-71.54117
Hopelchen	Hopelchen, Campeche	5961493	6	7295	19.74671	-89.84437
Hopewell	Bradley County, Tennessee	196013	8	1874	35.23479	-84.888
Hopewell	City of Hopewell, Virginia	8623880	6	22378	37.30432	-77.2872
Hopferau	Swabia, Bavaria	448304	8	1050	47.61667	10.63333
Hopfingen	Karlsruhe Region, Baden-Wurttemberg	403728	8	3331	49.6025	9.42861
Hopital-Camfrout	Finistere, Brittany	445597	8	1751	48.32854	-4.24185
Hopkins	Hennepin County, Minnesota	136696	8	17591	44.92496	-93.46273
Hopkinsville	Christian County, Kentucky	130530	8	32205	36.86561	-87.49117
Hopkinton	Merrimack County, New Hampshire	357270	8	5676	43.19147	-71.67535
Hopkinton	Middlesex County, Massachusetts	1865800	8	2550	42.22871	-71.52256
Hopkinton	Washington County, Rhode Island	7539762	8	8261	41.46121	-71.77757
Hoppers Crossing	Wyndham, Victoria	2425466	9	37216	-37.88264	144.7003
Hoppstadten-Weiersbach	Rheinland-Pfalz	1244287	8	2749	49.61667	7.2
Hoquiam	Grays Harbor County, Washington	237429	8	8405	46.98092	-123.88933
Horace	Cass County, North Dakota	181354	8	2545	46.75886	-96.9037
Horad Zhodzina	Minsk	79911	6	61007	54.0985	28.3331
Horam	East Sussex, England	2853978	10	2188	50.93523	0.24436
Horasan	Erzurum	1832453	6	17067	40.03885	42.16366
Horatio	Sevier County, Arkansas	13569826	8	1058	33.93845	-94.35715
Horazgovice	Okres Klatovy, Plzensky kraj	424261	10	5727	49.32069	13.701
Horazgovice	Okres Klatovy, Plzensky kraj	439218	8	5727	49.32069	13.701
Horb am Neckar	Karlsruhe Region, Baden-Wurttemberg	935829	8	25092	48.44423	8.6913
Horben	Freiburg Region, Baden-Wurttemberg	1948624	8	1065	47.93333	7.86667
Horbourg-Wihr	Haut-Rhin, Grand Est	83847	8	5358	48.08106	7.3938
Horcajo de Montemayor	Provincia de Salamanca, Castille and Leon	339763	8	196	40.42265	-5.89427
Horcajo de Santiago	Provincia de Cuenca, Castille-La Mancha	346842	8	3764	39.84221	-2.99724
Horcajo de las Torres	Provincia de Avila, Castille and Leon	347004	8	709	41.06497	-5.09092
Horcajuelo de la Sierra	Provincia de Madrid, Madrid	345626	8	0	41.06019	-3.5464
Horche	Provincia de Guadalajara, Castille-La Mancha	346316	8	1853	40.56399	-3.0611
Horconcitos	Distrito de San Lorenzo, Chiriqui	8779328	8	877	8.31466	-82.15334
Hordain	North, Hauts-de-France	55826	8	1214	50.26306	3.31358
Hordel	Regierungsbezirk Arnsberg, North Rhine-Westphalia	1647595	10	3252	51.49784	7.1762
Hordt	Rheinland-Pfalz	1250430	8	2413	49.16583	8.32639
Horenka	Kiev	4779081	9	5358	50.55731	30.33217
Horezu	Comuna Horezu, Valcea	9748438	8	6743	45.15	24.01667
Horgau	Swabia, Bavaria	955846	8	2459	48.39507	10.68283
Horgen	Bezirk Horgen, Zurich	1682144	8	15973	47.25983	8.59778
Horgenzell	Tuebingen Region, Baden-Wurttemberg	2808131	8	4663	47.80534	9.49727
Horgertshausen	Upper Bavaria, Bavaria	29826	8	1944	48.55	11.86667
Horgues	Hautes-Pyrenees, Occitanie	228511	8	1040	43.18842	0.08808
Horia	Comuna Horia, Constanta	12498958	8	1249	44.63333	28.11667
Horia	Comuna Horia, Tulcea	10363611	8	1588	45.01667	28.45
Horice	Okres Jicin, Kralovehradecky kraj	431572	10	8899	50.36609	15.63183
Horice	Okres Jicin, Kralovehradecky kraj	440006	8	8899	50.36609	15.63183
Horicon	Dodge County, Wisconsin	251693	8	3689	43.45138	-88.63121
Horizon City	El Paso County, Texas	6587593	8	19288	31.69261	-106.20748
Horizonte	Horizonte, Ceara	302498	8	51171	-4.1	-38.48333
Horizontina	Horizontina, Rio Grande do Sul	242370	8	14416	-27.62583	-54.30778
Horizontina	Horizontina, Rio Grande do Sul	7600504	9	14416	-27.62583	-54.30778
Horjul	Horjul	1675855	8	1329	46.02361	14.29917
Horka nad Moravou	Okres Olomouc, Olomoucky	434596	10	2101	49.64009	17.2107
Horka nad Moravou	Okres Olomouc, Olomoucky	438830	8	2101	49.64009	17.2107
Horki	Mogilev	6722644	8	33897	54.2862	30.9863
Horley	Surrey, England	2877689	10	21232	51.17423	-0.15919
Horlivka	Donetsk Oblast	3862199	9	278550	48.33576	38.05325
Hormersdorf	Saxony	536012	9	1645	50.67406	12.88194
Hormigos	Province of Toledo, Castille-La Mancha	343761	8	492	40.09778	-4.44473
Hormigueros	Hormigueros Barrio-Pueblo, Hormigueros	4468368	9	11934	18.13968	-67.1274
Hormigueros	Hormigueros Barrio-Pueblo, Hormigueros	4468371	6	11934	18.13968	-67.1274
Hormilla	Provincia de La Rioja, La Rioja	344880	8	435	42.43828	-2.77447
Hormilleja	Provincia de La Rioja, La Rioja	344881	8	179	42.45628	-2.73155
Horn	Bezirk Arbon, Thurgau	1684531	8	2274	47.49425	9.46246
Horn	Hamburg	2069503	10	37903	53.55406	10.08989
Horn	Regierungsbezirk Detmold, North Rhine-Westphalia	5964127	10	7018	51.87151	8.9451
Horn Lake	De Soto County, Mississippi	13578588	8	26915	34.95537	-90.03481
Hornachos	Provincia de Badajoz, Extremadura	345657	8	3799	38.55428	-6.06829
Hornachuelos	Province of Cordoba, Andalusia	347507	8	4667	37.83333	-5.23333
Hornaing	North, Hauts-de-France	56247	8	2998	50.36835	3.33707
Hornbach	Rheinland-Pfalz	1250691	8	1717	49.18778	7.36883
Hornberg	Freiburg Region, Baden-Wurttemberg	453006	8	4482	48.21068	8.23275
Hornburg	Lower Saxony	1432645	9	2689	52.03095	10.6049
Horncastle	Lincolnshire, England	1849294	10	6815	53.20775	-0.1172
Horneburg	Lower Saxony	445840	8	5547	53.50672	9.57546
Hornhausen	Saxony-Anhalt	3971833	9	1716	52.0451	11.17104
Horni Becva	Okres Vsetin, Zlin	434031	10	2420	49.43216	18.28859
Horni Becva	Okres Vsetin, Zlin	437098	8	2420	49.43216	18.28859
Horni Benesov	Okres Bruntal, Moravskoslezsky	430965	10	2460	49.96682	17.60262
Horni Benesov	Okres Bruntal, Moravskoslezsky	439373	8	2460	49.96682	17.60262
Horni Bludovice	Okres Karvina, Moravskoslezsky	432934	10	1652	49.74965	18.43677
Horni Bludovice	Okres Karvina, Moravskoslezsky	437912	8	1652	49.74965	18.43677
Horni Branna	Okres Semily, Liberecky kraj	423384	10	1798	50.60826	15.57146
Horni Branna	Okres Semily, Liberecky kraj	439147	8	1798	50.60826	15.57146
Horni Briza	Okres Plzen-sever, Plzensky kraj	424836	10	4463	49.84012	13.35558
Horni Briza	Okres Plzen-sever, Plzensky kraj	439738	8	4463	49.84012	13.35558
Horni Cerekev	Okres Pelhrimov, Vysocina	427618	10	1866	49.32026	15.32769
Horni Cerekev	Okres Pelhrimov, Vysocina	441079	8	1866	49.32026	15.32769
Horni Cermna	Okres Usti nad Orlici, Pardubicky	433104	10	1016	49.97053	16.60772
Horni Cermna	Okres Usti nad Orlici, Pardubicky	440361	8	1016	49.97053	16.60772
Horni Jeleni	Okres Pardubice, Pardubicky	432699	10	1811	50.04901	16.08396
Horni Jeleni	Okres Pardubice, Pardubicky	440332	8	1811	50.04901	16.08396
Horni Jiretin	Okres Most, Ustecky kraj	425160	10	1963	50.57309	13.54717
Horni Jiretin	Okres Most, Ustecky kraj	439321	8	1963	50.57309	13.54717
Horni Lidec	Okres Vsetin, Zlin	429685	10	1379	49.18121	18.06099
Horni Lidec	Okres Vsetin, Zlin	437096	8	1379	49.18121	18.06099
Horni Mesto	Okres Bruntal, Moravskoslezsky	432466	10	1009	49.90845	17.21112
Horni Mesto	Okres Bruntal, Moravskoslezsky	439381	8	1009	49.90845	17.21112
Horni Mostenice	Okres Prerov, Olomoucky	433207	10	1581	49.41213	17.45879
Horni Mostenice	Okres Prerov, Olomoucky	438579	8	1581	49.41213	17.45879
Horni Plana	Okres Cesky Krumlov, Jihocesky kraj	423648	10	2278	48.76736	14.03257
Horni Plana	Okres Cesky Krumlov, Jihocesky kraj	438528	8	2278	48.76736	14.03257
Horni Pocaply	Okres Melnik, Central Bohemia	425928	10	1141	50.4244	14.38993
Horni Pocaply	Okres Melnik, Central Bohemia	442356	8	1141	50.4244	14.38993
Horni Pocernice	Praha 20, Hlavni mesto Praha	431309	10	14296	50.1121	14.61036
Horni Slavkov	Okres Sokolov, Karlovarsky kraj	425557	10	5818	50.13863	12.80758
Horni Slavkov	Okres Sokolov, Karlovarsky kraj	439502	8	5818	50.13863	12.80758
Horni Sloupnice	Okres Svitavy, Pardubicky	429069	10	1742	49.92138	16.33948
Horni Sloupnice	Okres Svitavy, Pardubicky	436714	8	1742	49.92138	16.33948
Horni Stepanov	Okres Prostejov, Olomoucky	426571	10	1002	49.54901	16.79078
Horni Stepanov	Okres Prostejov, Olomoucky	438600	8	1002	49.54901	16.79078
Horni Stropnice	Okres Ceske Budejovice, Jihocesky kraj	435832	10	1560	48.76124	14.73502
Horni Stropnice	Okres Ceske Budejovice, Jihocesky kraj	437808	8	1560	48.76124	14.73502
Horni Sucha	Okres Karvina, Moravskoslezsky	436237	10	4466	49.7978	18.48189
Horni Sucha	Okres Karvina, Moravskoslezsky	437907	8	4466	49.7978	18.48189
Horni Terlicko	Okres Karvina, Moravskoslezsky	433490	10	4134	49.75177	18.4829
Hornillos de Cameros	Provincia de La Rioja, La Rioja	344882	8	15	42.21001	-2.4196
Hornillos de Cerrato	Provincia de Palencia, Castille and Leon	342264	8	119	41.98772	-4.27207
Hornillos del Camino	Provincia de Burgos, Castille and Leon	341162	8	70	42.33863	-3.9256
Horning	Norfolk, England	1022520	10	1098	52.7046	1.46294
Horningsea Park	Liverpool, New South Wales	5537369	9	3706	-33.94341	150.84528
Hornos de Moncalvillo	Provincia de La Rioja, La Rioja	344883	8	94	42.39198	-2.5855
Hornowek	Powiat warszawski zachodni, Mazovia	4019302	8	1054	52.28638	20.80793
Hornoy-le-Bourg	Somme, Hauts-de-France	2145734	8	1489	49.85	1.9
Hornsby	Hornsby Shire, New South Wales	3046011	9	22335	-33.70244	151.09931
Hornsby Heights	Hornsby Shire, New South Wales	5622027	9	6204	-33.6713	151.09428
Hornsea	East Riding of Yorkshire, England	582137	10	8432	53.91041	-0.16806
Hornstorf	Mecklenburg-Vorpommern	1515586	8	1268	53.90994	11.53214
Horodenka	Ivano-Frankivsk Oblast	3626219	9	8972	48.669	25.5033
Horodlo	Powiat hrubieszowski, Lublin	2958147	8	1119	50.89459	24.03723
Horodnytsia	Zhytomyr	3886194	9	5238	50.80697	27.31676
Horodok	Khmelnytskyi Oblast	3964175	9	16046	49.17209	26.56357
Horodok	Lviv Oblast	8014864	9	15993	49.78465	23.64806
Horodok	Zhytomyr	6726413	9	2801	50.59483	29.4607
Horokanai	Uryu Gun, Hokkaido	4055643	7	1571	44.01173	142.15157
Horomerice	Okres Praha-zapad, Central Bohemia	428586	10	2212	50.13173	14.33879
Horomerice	Okres Praha-zapad, Central Bohemia	442228	8	2212	50.13173	14.33879
Horonobe	Teshio Gun, Hokkaido	4055568	7	2415	45.01694	141.85139
Horovice	Okres Beroun, Central Bohemia	425794	10	6431	49.83597	13.90268
Horovice	Okres Beroun, Central Bohemia	442329	8	6431	49.83597	13.90268
Horrabridge	Devon, England	3591743	10	3728	50.50843	-4.10042
Horrenberg	Karlsruhe Region, Baden-Wurttemberg	5446759	9	1778	49.2804	8.78087
Horse Cave	Hart County, Kentucky	130434	8	2344	37.1795	-85.90692
Horseheads North	Chemung County, New York	174950	8	2843	42.19278	-76.80782
Horseshoe Bay	Llano County, Texas	115103	8	3560	30.54429	-98.37394
Horseshoe Bend	Izard County, Arkansas	111573	8	2092	36.22923	-91.76431
Horsford	Norfolk, England	930970	10	4163	52.70153	1.24015
Horsforth	City and Borough of Leeds, England	4818767	10	19350	53.8426	-1.63754
Horsham	Horsham, Victoria	3169693	9	14233	-36.71131	142.19981
Horsham	West Sussex, England	114662	8	51472	51.06314	-0.32757
Horsley	Northumberland, England	8486108	10	0	54.98333	-1.85
Horsley	Wollongong, New South Wales	6076631	9	8089	-34.48763	150.77799
Horsley Park	Fairfield, New South Wales	5539505	9	1820	-33.84322	150.84889
Horsmonden	Kent, England	2404429	10	1620	51.13908	0.42881
Horsovsky Tyn	Okres Domazlice, Plzensky kraj	424605	10	4905	49.52965	12.94405
Horsovsky Tyn	Okres Domazlice, Plzensky kraj	439172	8	4905	49.52965	12.94405
Horssen	Gemeente Druten, Gelderland	2728547	10	1095	51.85583	5.60972
Horst	Schleswig-Holstein	447194	8	5183	53.81195	9.62307
Horsted Keynes	West Sussex, England	2865927	10	1180	51.03659	-0.02798
Horstedt	Lower Saxony	5676237	10	1381	53.18333	9.23333
Horstedt	Lower Saxony	965595	8	1381	53.18333	9.23333
Horstmar	Regierungsbezirk Muenster, North Rhine-Westphalia	155783	8	6822	52.08098	7.30539
Hort	Heves	1417680	8	3797	47.69081	19.7893
Horta	Horta, Azores	6938714	7	6572	38.53737	-28.62615
Horta	Provincia de Barcelona, Catalonia	4142998	10	26676	41.43628	2.15725
Horta de Sant Joan	Provincia de Tarragona, Catalonia	345943	8	0	40.95	0.31667
Horta-Guinardo	Provincia de Barcelona, Catalonia	3773133	9	168092	41.41849	2.1677
Hortaleza	Provincia de Madrid, Madrid	354522	9	161661	40.47444	-3.6411
Horten	Horten, Vestfold og Telemark	404590	7	17660	59.41721	10.48343
Hortiguela	Provincia de Burgos, Castille and Leon	341159	8	126	42.06842	-3.42578
Hortobagy	Hajdu-Bihar	1418268	8	1745	47.58278	21.15108
Hortolandia	Hortolandia, Sao Paulo	298407	8	203533	-22.85833	-47.22
Hortolandia	Hortolandia, Sao Paulo	5684889	9	203533	-22.85833	-47.22
Horton	Brown County, Kansas	129962	8	1721	39.66056	-95.52637
Horton	Royal Borough of Windsor and Maidenhead, England	3870355	10	1033	51.47315	-0.54245
Horton	South Gloucestershire, England	3582615	10	355	51.55833	-2.3525
Hortonville	Outagamie County, Wisconsin	251951	8	2712	44.3347	-88.63816
Horvati	City of Zagreb	14561825	8	1477	45.7	15.81667
Horw	Lucerne-Land District, Lucerne	1682879	8	12348	47.01692	8.30956
Horwich	Borough of Bolton, England	1430002	10	18696	53.60126	-2.54975
Horyniec-Zdroj	Powiat lubaczowski, Subcarpathia	6901805	8	2700	50.19152	23.36277
Horyuji	Ikoma-gun, Nara	3229195	7	27341	34.61234	135.73754
Hosbach	Regierungsbezirk Unterfranken, Bavaria	534054	8	13203	50.00646	9.20765
Hosenfeld	Regierungsbezirk Kassel, Hesse	14303156	9	4831	50.50502	9.47966
Hosenfeld	Regierungsbezirk Kassel, Hesse	454878	8	4831	50.50502	9.47966
Hoshangabad	Hoshangabad, Madhya Pradesh	1976220	5	109358	22.74747	77.72736
Hosingen	Parc Hosingen, Clervaux	3661785	9	811	50.01218	6.09089
Hoslwang	Upper Bavaria, Bavaria	2186927	8	1228	47.95378	12.32915
Hospital de Orbigo	Provincia de Leon, Castille and Leon	339586	8	1060	42.46354	-5.88636
Hosszuheteny	Baranya	575244	8	3299	46.16414	18.35077
Hosszupalyi	Hajdu-Bihar	1443909	8	5479	47.39303	21.7328
Hostafrancs	Provincia de Barcelona, Catalonia	4130114	10	15954	41.37694	2.14306
Hostalkova	Okres Vsetin, Zlin	432395	10	2036	49.35467	17.86944
Hostalkova	Okres Vsetin, Zlin	437095	8	2036	49.35467	17.86944
Hostalric	Provincia de Girona, Catalonia	340343	8	3442	41.75	2.63333
Hostavice	Praha 14, Hlavni mesto Praha	426440	10	1729	50.09283	14.55822
Hosteradice	Okres Znojmo, South Moravian	437222	8	1488	48.95006	16.25931
Hostinne	Okres Trutnov, Kralovehradecky kraj	431925	10	4795	50.54066	15.72334
Hostinne	Okres Trutnov, Kralovehradecky kraj	440238	8	4795	50.54066	15.72334
Hostivice	Okres Praha-zapad, Central Bohemia	429369	10	4915	50.08158	14.25856
Hostivice	Okres Praha-zapad, Central Bohemia	442224	8	4915	50.08158	14.25856
Hostomice	Okres Beroun, Central Bohemia	436153	8	1491	49.82526	14.0456
Hostomice	Okres Teplice, Ustecky kraj	436573	8	1240	50.5877	13.80803
Hostotipaquillo	Hostotipaquillo, Jalisco	5605851	6	3762	21.06035	-104.05091
Hostoun	Okres Domazlice, Plzensky kraj	436194	8	1299	49.55971	12.77147
Hosur	Krishnagiri, Tamil Nadu	10325519	6	229528	12.73647	77.83264
Hot Springs	Fall River County, South Dakota	195057	8	3532	43.43165	-103.47436
Hot Springs	Garland County, Arkansas	111542	8	35635	34.5037	-93.05518
Hotarele	Comuna Hotarele, Giurgiu	13803812	8	8790	44.1725	26.37028
Hotensleben	Saxony-Anhalt	1286642	8	2445	52.11974	11.02238
Hotensleben	Saxony-Anhalt	3974326	9	2445	52.11974	11.02238
Hotham	East Riding of Yorkshire, England	918220	10	233	53.79583	-0.64253
Hotham Heights	Alpine, Victoria	2611562	9	2221	-36.99298	147.15225
Hotolisht	Rrethi i Librazhdit, Elbasan	1250598	8	0	41.15667	20.39722
Hotsk	Minsk	7566714	10	1100	52.5215	27.1385
Hottingen	Regierungsbezirk Mittelfranken, Bavaria	1015149	8	1269	49.06262	11.0053
Hotton	Province du Luxembourg, Wallonia	12943200	9	4969	50.26742	5.44609
Hotton	Province du Luxembourg, Wallonia	2450572	8	4969	50.26742	5.44609
Houailou	Houailou, North Province	378413	8	4562	-21.28333	165.61667
Houdain	Pas-de-Calais, Hauts-de-France	1169130	8	7622	50.4504	2.53777
Houdan	Yvelines, Ile-de-France	75524	8	3150	48.79044	1.60007
Houdemont	Meurthe et Moselle, Grand Est	52394	8	2425	48.64407	6.17579
Houffalize	Province du Luxembourg, Wallonia	12871107	9	4614	50.13235	5.78962
Houffalize	Province du Luxembourg, Wallonia	2453836	8	4614	50.13235	5.78962
Houghton	Allegany County, New York	176286	8	1693	42.4234	-78.15723
Houghton	Houghton County, Michigan	134666	8	7970	47.12187	-88.56901
Houghton Conquest	Central Bedfordshire, England	4068329	10	1311	52.06178	-0.47756
Houghton Regis	Central Bedfordshire, England	4048910	10	0	51.90441	-0.52125
Houghton on the Hill	Leicestershire, England	6726428	10	1524	52.62663	-0.99546
Houilles	Yvelines, Ile-de-France	75003	8	31121	48.92161	2.19263
Houlbec-Cocherel	Eure, Normandy	74812	8	1378	49.0735	1.36563
Houlgate	Calvados, Normandy	135602	8	1927	49.299	-0.08153
Houlton	Aroostook County, Maine	132599	8	5002	46.12616	-67.8403
Houma	Terrebonne Parish, Louisiana	131586	8	34287	29.59577	-90.71953
Hounslow	Greater London, England	51848	8	66292	51.46839	-0.36092
Houping	Chongqing	12296627	8	4853	29.60199	108.02951
Houping	Chongqing	14057247	8	4645	31.74021	108.93659
Houplin-Ancoisne	North, Hauts-de-France	58083	8	3703	50.56284	3.00251
Houplines	North, Hauts-de-France	64484	8	8119	50.69499	2.91518
Houppeville	Seine-Maritime, Normandy	113541	8	2472	49.51259	1.07962
Hourtin	Gironde, Nouvelle-Aquitaine	398668	8	3485	45.18619	-1.05789
Houshan	Chongqing	14077150	8	15338	30.82589	108.02866
Houssen	Haut-Rhin, Grand Est	83768	8	1650	48.12579	7.37735
Houston	Chickasaw County, Mississippi	7156874	8	3544	33.89845	-88.99923
Houston	Harris County, Texas	2688911	8	2304580	29.76328	-95.36327
Houston	Matanuska-Susitna Borough, Alaska	8309620	8	2206	61.63028	-149.81806
Houston	Regional District of Bulkley-Nechako, British Columbia	7077243	8	2993	54.39976	-126.67008
Houston	Texas County, Missouri	140698	8	2082	37.32616	-91.95599
Houston	Washington County, Pennsylvania	187274	8	1266	40.24646	-80.21145
Houtain-l'Eveque	Province du Hainaut, Wallonia	4719536	9	1409	50.71667	5.08333
Houten	Gemeente Houten, Utrecht	334814	10	1335	52.02833	5.16806
Houten	Gemeente Houten, Utrecht	419211	8	1335	52.02833	5.16806
Houthalen	Provincie Limburg, Flanders	3939004	9	30050	51.03427	5.37429
Houthem	Province du Hainaut, Wallonia	11583051	9	1256	50.7869	2.96382
Houthulst	Provincie West-Vlaanderen, Flanders	1295835	8	8951	50.97824	2.9505
Houthulst	Provincie West-Vlaanderen, Flanders	2237451	9	8951	50.97824	2.9505
Houtskaer	Aboland-Turunmaa, Southwest Finland	10804409	9	626	60.22284	21.37218
Houtvenne	Provincie Antwerpen, Flanders	3900834	9	2100	51.0418	4.80863
Houwaart	Provincie Vlaams-Brabant, Flanders	4635623	9	1599	50.93368	4.85991
Houyet	Province de Namur, Wallonia	2261105	8	4505	50.18619	5.00762
Hov	Hov, Suduroy	2178538	8	149	61.50684	-6.75993
Hove	Adelaide, South Australia	9096049	9	3010	-35.00814	138.5212
Hove	Provincie Antwerpen, Flanders	58642	8	7968	51.15446	4.4707
Hovelhof	Regierungsbezirk Detmold, North Rhine-Westphalia	138195	8	15962	51.81667	8.65
Hoves	Province du Hainaut, Wallonia	11137210	9	1534	50.67117	4.03651
Hoveton	Norfolk, England	1022310	10	3089	52.7149	1.41054
Hovezi	Okres Vsetin, Zlin	430774	10	2351	49.30365	18.06062
Hovezi	Okres Vsetin, Zlin	437105	8	2351	49.30365	18.06062
Hovorany	Okres Hodonin, South Moravian	428499	10	2232	48.95493	16.99346
Hovorany	Okres Hodonin, South Moravian	441107	8	2232	48.95493	16.99346
Hovorcovice	Okres Praha-vychod, Central Bohemia	431829	10	1198	50.17866	14.51789
Hovorcovice	Okres Praha-vychod, Central Bohemia	437183	8	1198	50.17866	14.51789
Hovtashat	Ararat	14441656	7	3472	40.09729	44.34448
Howard	Brown County, Wisconsin	242799	8	19250	44.5436	-88.08816
Howard	Elk County, Kansas	129703	8	621	37.47031	-96.26361
Howard	Fraser Coast, Queensland	11676280	9	1332	-25.31934	152.55986
Howard	Miner County, South Dakota	195140	8	790	44.01081	-97.52674
Howard City	Montcalm County, Michigan	134741	8	1792	43.39558	-85.46782
Howard Lake	Wright County, Minnesota	137862	8	2039	45.0608	-94.07331
Howard Springs	Litchfield, Northern Territory	11716459	9	6852	-12.49576	131.04446
Howards Grove	Sheboygan County, Wisconsin	251936	8	3271	43.83388	-87.82009
Howden	East Riding of Yorkshire, England	918078	10	4142	53.7463	-0.86994
Howe	Grayson County, Texas	6584383	8	2798	33.50872	-96.61221
Howell	Livingston County, Michigan	135113	8	9521	42.60726	-83.9294
Howey-in-the-Hills	Lake County, Florida	117469	8	1098	28.71694	-81.77341
Howick	Auckland	2098359	8	11067	-36.89359	174.93174
Howland	Penobscot County, Maine	132809	8	1096	45.23867	-68.66364
Howlong	Federation, New South Wales	5894903	9	2695	-35.98197	146.63248
Howrah	Clarence, Tasmania	10625772	9	8317	-42.88728	147.40554
Howth	Fingal County, Leinster	5404258	10	8277	53.38778	-6.06528
Hoxie	Lawrence County, Arkansas	111212	8	2680	36.05035	-90.97512
Hoxie	Sheridan County, Kansas	129858	8	1176	39.3575	-100.44181
Hoxton Park	Liverpool, New South Wales	5537982	9	4329	-33.93126	150.85412
Hoya	Lower Saxony	2014322	8	3959	52.80781	9.14028
Hoya-Gonzalo	Provincia de Albacete, Castille-La Mancha	339899	8	938	38.9579	-1.55679
Hoyales de Roa	Provincia de Burgos, Castille and Leon	345805	8	269	41.65893	-3.86202
Hoyanger	Hoyanger, Vestland	409073	7	2266	61.22348	6.08471
Hoylandet	Hoylandet, Trondelag	407200	7	0	64.62887	12.30206
Hoym	Saxony-Anhalt	2215508	9	2680	51.78292	11.31244
Hoymille	North, Hauts-de-France	139256	8	3275	50.97187	2.44738
Hoyo de Manzanares	Provincia de Madrid, Madrid	346078	8	7093	40.62265	-3.90733
Hoyocasero	Provincia de Avila, Castille and Leon	342012	8	365	40.3989	-4.97455
Hoyorredondo	Provincia de Avila, Castille and Leon	342010	8	107	40.4627	-5.41097
Hoyos	Provincia de Caceres, Extremadura	1874916	8	963	40.17154	-6.72092
Hoyos de Miguel Munoz	Provincia de Avila, Castille and Leon	342015	8	50	40.39237	-5.06713
Hoyos del Collado	Provincia de Avila, Castille and Leon	342017	8	38	40.35945	-5.20027
Hoyos del Espino	Provincia de Avila, Castille and Leon	342016	8	453	40.35623	-5.17505
Hoyt Lakes	Saint Louis County, Minnesota	136656	8	2004	47.51965	-92.13851
Hoyvik	Torshavn, Streymoy	2098979	8	3940	62.03407	-6.78127
Hoz de Jaca	Provincia de Huesca, Aragon	345765	8	75	42.69045	-0.3065
Hozat	Tunceli	1829324	6	8105	39.10029	39.20816
